http://agroambiente.info.regione.toscana.it/arsia/arsia14	category=data	max.depth=1
http://aochycos.ird.ne/HTMLF/PARTNAT/SHB/SHB.HTM	category=data	max.depth=1
http://aquavision.nl	category=data	max.depth=1
http://asr-str01.regione.fvg.it/PubblicazioneUOI/RicercaUOI.jsp	category=data	max.depth=1
http://barbadoswaterauthority.com/	category=data	max.depth=1
http://bdhi.hidricosargentina.gov.ar/#	category=data	max.depth=1
http://blogs.cuit.columbia.edu/haitienvironment/	category=data	max.depth=1
http://data.water.vic.gov.au/monitoring.htm	category=data	max.depth=1
http://dce.au.dk/en/	category=data	max.depth=1
http://eaubenin.bj/site/index.php	category=data	max.depth=1
http://ema.gov.eg/	category=data	max.depth=1
http://en.gouv.mc/Government-Institutions/The-Government/Ministry-of-Public-Works-the-Environment-and-Urban-Development	category=data	max.depth=1
http://ffw.mrcmekong.org	category=data	max.depth=1
http://floods.unosat.org/geoportal/catalog/main/home.page	category=data	max.depth=1
http://gov.east-timor.org/MAFF/	category=data	max.depth=1
http://gsd.spc.int/	category=data	max.depth=1
http://gwppnebenin.org/dru/	category=data	max.depth=1
http://h2o.water.gov.my/v2/fail/rhnc/index.html	category=data	max.depth=1
http://hidroweb.ana.gov.br/ 	category=data	max.depth=1
http://hoa.ntua.gr/	category=data	max.depth=1
http://http//www.meteo-congo-kinshasa.net	category=data	max.depth=1
http://hydro.bg/indexen.html 	category=data	max.depth=1
http://hydro.chmi.cz/hpps/hpps_main.php 	category=data	max.depth=1
http://hydro.chmi.cz/hpps/hpps_main.php	category=data	max.depth=1
http://hydro.kma.go.kr/front/intro.do	category=data	max.depth=1
http://hydrolare.net/	category=data	max.depth=1
http://hydromet.gov.gy/	category=data	max.depth=1
http://ilmatieteenlaitos.fi/	category=data	max.depth=1
http://jmd.gov.jo/	category=data	max.depth=1
http://lhsliberia.com/	category=data	max.depth=1
http://macmn.gouv.td	category=data	max.depth=1
http://malimeteo.ml/	category=data	max.depth=1
http://meteo.bmkg.go.id/	category=data	max.depth=1
http://meteo.fmach.it/meteo/index.php	category=data	max.depth=1
http://meteo.gov.ua	category=data	max.depth=1
http://meteo.hr/index_en.php	category=data	max.depth=1
http://meteo.kg/	category=data	max.depth=1
http://met.gov.om/opencms/export/sites/default/dgman/ar/home/	category=data	max.depth=1
http://metservice.gov.jm/	category=data	max.depth=1
http://metservice.intnet.mu/	category=data	max.depth=1
http://mew.gov.af/fa	category=data	max.depth=1
http://mmeh.cf/	category=data	max.depth=1
http://mra.org.mt/	category=data	max.depth=1
http://mrmwr.gov.om	category=data	max.depth=1
http://mrsit-congo.net/gersen.php	category=data	max.depth=1
http://ndbhmi.chi.civil.ntua.gr/en/index.html	category=data	max.depth=1
http://news.moe.gov.ir/default.aspx?lang=en-US	category=data	max.depth=1
http://nihsa.gov.ng/	category=data	max.depth=1
http://nwrc.gov.eg/	category=data	max.depth=1
http://palaugov.pw/eqpb	category=data	max.depth=1
http://pogoda.by	category=data	max.depth=1
http://pogoda-sv.ru/weather/index.php	category=data	max.depth=1
http://publicutilities.govmu.org	category=data	max.depth=1
http://publicutilities.govmu.org/English/AboutUs/Pages/default.aspx	category=data	max.depth=1
http://redhina.ineter.gob.ni/default.aspx?ReturnUrl=%2fConsultas%2fdatos.aspx	category=data	max.depth=1
http://rhmzrs.com	category=data	max.depth=1
http://rhn.water.gov.my/sprhn/utama/	category=data	max.depth=1
http://rnra.rw/index.php?id=106	category=data	max.depth=1
http://rvlba.gov.et/	category=data	max.depth=1
https://dati.arpae.it/	category=data	max.depth=1
https://eau.public.lu/administration/organisation/hydrologie/service_hydrometrie/index.html	category=data	max.depth=1
http://sina.conagua.gob.mx/sina/	category=data	max.depth=1
https://inumet.gub.uy/	category=data	max.depth=1
https://kazhydromet.kz/kk	category=data	max.depth=1
https://mem.go.tz/	category=data	max.depth=1
http://smn.cna.gob.mx/es/	category=data	max.depth=1
http://ssmeteo.org/	category=data	max.depth=1
https://www1.pagasa.dost.gov.ph/	category=data	max.depth=1
https://www.arpae.it/	category=data	max.depth=1
https://www.arpae.it/dettaglio_generale.asp?id=3256&idlivello=1625	category=data	max.depth=1
https://www.arpae.it/dettaglio_generale.asp?id=3284&idlivello=1625	category=data	max.depth=1
https://www.ceh.ac.uk/	category=data	max.depth=1
https://www.chminosil.es/	category=data	max.depth=1
https://www.ghanahydrodata.com/faqs.php	category=data	max.depth=1
https://www.gov.il/	category=data	max.depth=1
https://www.hydrodaten.admin.ch/de	category=data	max.depth=1
https://www.imn.ac.cr/web/imn/inicio	category=data	max.depth=1
https://www.maltairport.com/weather/	category=data	max.depth=1
https://www.meteotrentino.it/index.html#!/content?menuItemDesktop=141	category=data	max.depth=1
https://www.mewa.gov.sa/ar/Pages/default.aspx	category=data	max.depth=1
https://www.mgm.gov.tr	category=data	max.depth=1
https://www.mnre.gov.ws/	category=data	max.depth=1
https://www.moccae.gov.ae/	category=data	max.depth=1
https://www.mol.gov.vu/index.php/en/water/227-managing-vanuatu-s-water-resources	category=data	max.depth=1
https://www.namwater.com.na/	category=data	max.depth=1
https://www.pme.gov.sa/En/Weather/Pages/default.aspx	category=data	max.depth=1
https://www.pseau.org/outils/organismes/organisme_detail.php?org_organisme_id=8312	category=data	max.depth=1
https://www.salonewatersecurity.com	category=data	max.depth=1
https://www.sepa.org.uk/environment/environmental-data/	category=data	max.depth=1
https://www.smhi.se/en/research/research-departments/hydrology/niger-hype-1.21576	category=data	max.depth=1
https://www.tmd.go.th	category=data	max.depth=1
https://www.unelco.engie.com/en/	category=data	max.depth=1
https://www.unma.go.ug	category=data	max.depth=1
http://tajhydro.tj/en/hydrology/	category=data	max.depth=1
http://timor-leste.gov.tl/?lang=en	category=data	max.depth=1
http://veille-environnementale.abn.ne/index.php	category=data	max.depth=1
http://voda.mnr.gov.ru/	category=data	max.depth=1
http://water.dwr.go.th	category=data	max.depth=1
http://waterlevel.ie/	category=data	max.depth=1
http://webgis.arpa.piemonte.it/geoportale/	category=data	max.depth=1
http://wrc-gh.org/	category=data	max.depth=1
http://wre.gov.sd/ar/	category=data	max.depth=1
http://www2.dsi.gov.tr/english/index.htm	category=data	max.depth=1
http://www.aba.gov.et/	category=data	max.depth=1
http://www.abhahs-dz.com/	category=data	max.depth=1
http://www.abhbc.com/	category=data	max.depth=1
http://www.abh-cz.com.dz/eau.html	category=data	max.depth=1
http://www.abhmoulouya.ma/	category=data	max.depth=1
http://www.abhoer.ma/	category=data	max.depth=1
http://www.abhoranie.dz/	category=data	max.depth=1
http://www.abhs.dz/	category=data	max.depth=1
http://www.abhsebou.ma/index.cfm	category=data	max.depth=1
http://www.abn.ne/	category=data	max.depth=1
http://www.acq.isprambiente.it/annalipdf/ And	category=data	max.depth=1
http://www.agrhymet.ne/eng/	category=data	max.depth=1
http://www.agricoltura.regione.campania.it/home.htm	category=data	max.depth=1
http://www.akti.gov.al/kerkimishkencor/institucione_ash/ihm.html	category=data	max.depth=1
http://www.amd.gov.af/	category=data	max.depth=1
http://www.anacm-comores.com/	category=data	max.depth=1
http://www.anrh.dz/	category=data	max.depth=1
http://www.antiguamet.com/	category=data	max.depth=1
http://www.apambiente.pt/index.php?ref=16&subref=7	category=data	max.depth=1
http://www.appd-bg.org/site/page.php?2	category=data	max.depth=1
http://www.apua.ag/business/water-division/	category=data	max.depth=1
http://www.arpab.it/idrometeorologico/index.asp	category=data	max.depth=1
http://www.asiaq.gl/	category=data	max.depth=1
http://www.awba.gov.et/	category=data	max.depth=1
http://www.bahrainweather.gov.bh/web/guest/home	category=data	max.depth=1
http://www.barbadosweather.org/	category=data	max.depth=1
http://www.bom.gov	category=data	max.depth=1
http://www.bruneiweather.com.bn/	category=data	max.depth=1
http://www.caa.gov.qa/	category=data	max.depth=1
http://www.chguadalquivir.es/saih/	category=data	max.depth=1
http://www.chi.civil.ntua.gr/	category=data	max.depth=1
http://www.chj.es/es-es/Organismo/Paginas/Organismo.aspx	category=data	max.depth=1
http://www.chsegura.es/chs/index.html	category=data	max.depth=1
http://www.cma.gov.cn/en2014/	category=data	max.depth=1
http://www.cmri-egypt.org//indexen.htm	category=data	max.depth=1
http://www.conagua.gob.mx/conagua07/contenido/documentos/portada%20bandas.htm	category=data	max.depth=1
http://www.csir-water.com/	category=data	max.depth=1
http://www.cwb.gov.tw/V7/about/Missions.htm	category=data	max.depth=1
http://www.da.go.cr/proyectos/	category=data	max.depth=1
http://www.data.ac.cn/zrzy/G01.asp	category=data	max.depth=1
http://www.dgpre.gouv.sn/	category=data	max.depth=1
http://www.dhm.gov.np/	category=data	max.depth=1
http://www.dmi.dk/vejr/	category=data	max.depth=1
http://www.dnaguas.gov.mz/	category=data	max.depth=1
http://www.dnhmali.org/	category=data	max.depth=1
http://www.dwr.go.th/	category=data	max.depth=1
http://www.eauburkina.org/	category=data	max.depth=1
http://www.eaureunion.fr/accueil/	category=data	max.depth=1
http://www.eau-tensift.net/	category=data	max.depth=1
http://www.eaux-forets.gouv.ga/	category=data	max.depth=1
http://www.eco.gov.az/az	category=data	max.depth=1
http://www.energie.gouv.ga/	category=data	max.depth=1
http://www.environment.fi/en-US/Waters	category=data	max.depth=1
http://www.environment.gov.mv/v2/en/	category=data	max.depth=1
http://www.environment.gov.zw/	category=data	max.depth=1
http://www.erhiomet.gov.et/	category=data	max.depth=1
http://www.ersad.gov.sd/	category=data	max.depth=1
http://www.geo.edu.al/newweb/?fq=brenda&gj=gj2&kid=34	category=data	max.depth=1
http://www.geus.dk/UK/Pages/default.aspx	category=data	max.depth=1
http://www.gov.ls/gov_webportal/ministries/water%20affairs/water_affairs.html	category=data	max.depth=1
http://www.gov.sr/	category=data	max.depth=1
http://www.gov.sz/index.php?option=com_content&view=article&id=491	category=data	max.depth=1
http://www.gov.sz/index.php?option=com_content&view=article&id=491&Itemid=362	category=data	max.depth=1
http://www.himet.it/gmaps/stazioni/	category=data	max.depth=1
http://www.hiscentral.isprambiente.gov.it/hiscentral/default.aspx	category=data	max.depth=1
http://www.hko.gov.hk/contente.htm	category=data	max.depth=1
http://www.hnms.gr/hnms/english/index_html	category=data	max.depth=1
http://www.hydro.eaufrance.fr/	category=data	max.depth=1
http://www.hydroinfo.gov.cn/	category=data	max.depth=1
http://www.hydrology.bwdb.gov.bd/	category=data	max.depth=1
http://www.hydrology.gov.np/new/bull3/index.php/hydrology/home/main	category=data	max.depth=1
http://www.hydrology.ru/	category=data	max.depth=1
http://www.hydromet.gov.bt/	category=data	max.depth=1
http://www.hydromet.gov.bt	category=data	max.depth=1
http://www.hydroterra-engineering.com/	category=data	max.depth=1
http://www.ict.fm/	category=data	max.depth=1
http://www.idrografico.regione.umbria.it	category=data	max.depth=1
http://www.igsnrr.ac.cn/	category=data	max.depth=1
http://www.imd.gov.in/pages/main.php	category=data	max.depth=1
http://www.ims.gov.il/ims/all_tahazit/	category=data	max.depth=1
http://www.inameh.gob.ve/web/	category=data	max.depth=1
http://www.inam.gov.mz/index.php/pt/	category=data	max.depth=1
http://www.inclam.com/descargas-espanol	category=data	max.depth=1
http://www.info.bw/~mettest/	category=data	max.depth=1
http://www.ingrh.cv/	category=data	max.depth=1
http://www.inhga.ro	category=data	max.depth=1
http://www.insivumeh.gob.gt/	category=data	max.depth=1
http://www.insivumeh.gob.gt/hidrologia.html	category=data	max.depth=1
http://www.irgm-cameroun.org/	category=data	max.depth=1
http://www.irimo.ir	category=data	max.depth=1
http://www.islhagua.org/web/guest/ingrh-cavo-verde	category=data	max.depth=1
http://www.jva.gov.jo/sites/ar-jo/default.aspx	category=data	max.depth=1
http://www.keskkonnaagentuur.ee/	category=data	max.depth=1
http://www.kwra.or.kr/	category=data	max.depth=1
http://www.lesmet.org.ls/	category=data	max.depth=1
http://www.lnmc.org.ly/demo/	category=data	max.depth=1
http://www.madagascarportal.org/lizmap/lizmap/www/index.php/view/map/?repository=madagascar&project=BLOCAP	category=data	max.depth=1
http://www.marocmeteo.ma	category=data	max.depth=1
http://www.mawf.gov.na/	category=data	max.depth=1
http://www.mediambient.ad/aigua	category=data	max.depth=1
http://www.mepate.gov.mg/meieat/dgat/	category=data	max.depth=1
http://www.mes.am	category=data	max.depth=1
http://www.meteo.aw/	category=data	max.depth=1
http://www.meteo.be/meteo/view/en/65239-Home.html	category=data	max.depth=1
http://www.meteo-benin.net/	category=data	max.depth=1
http://www.meteoburkina.bf/	category=data	max.depth=1
http://www.meteo-burkina.net/	category=data	max.depth=1
http://www.meteo-cameroon.net	category=data	max.depth=1
http://www.meteo-chad.net/	category=data	max.depth=1
http://www.meteochile.cl/PortalDMC-web/index.xhtml	category=data	max.depth=1
http://www.meteo-congo-brazza.net/	category=data	max.depth=1
http://www.meteo.dz/	category=data	max.depth=1
http://www.meteo.fvg.it/monitor.php?ln=&m=0	category=data	max.depth=1
http://www.meteogabon.maswurong.com/	category=data	max.depth=1
http://www.meteo.go.ke/	category=data	max.depth=1
http://www.meteo.go.tz/	category=data	max.depth=1
http://www.meteo.gov.bi/hydrometeorologie.php	category=data	max.depth=1
http://www.meteo.gov.gh/	category=data	max.depth=1
http://www.meteo.gov.mk/	category=data	max.depth=1
http://www.meteo.gov.sc/	category=data	max.depth=1
http://www.meteo.gov.tm/ru/	category=data	max.depth=1
http://www.meteo-guinee-bissau.net/ 	category=data	max.depth=1
http://www.meteo-guinee-conakry.net/	category=data	max.depth=1
http://www.meteo-haiti.gouv.ht/observations.php	category=data	max.depth=1
http://www.meteomadagascar.mg	category=data	max.depth=1
http://www.meteona.com/	category=data	max.depth=1
http://www.meteo-niger.org	category=data	max.depth=1
http://www.meteo.pf/	category=data	max.depth=1
http://www.meteorf.ru/	category=data	max.depth=1
http://www.meteorologia.gov.py/	category=data	max.depth=1
http://www.meteorology.gov.mv/	category=data	max.depth=1
http://www.meteosur.sr/	category=data	max.depth=1
http://www.meteo.tj/index.php?category=data	max.depth=1
http://www.meteo.tn/default.html	category=data	max.depth=1
http://www.meteo-togo.net	category=data	max.depth=1
http://www.meteo.uz/#/ru	category=data	max.depth=1
http://www.met.gov.ck/	category=data	max.depth=1
http://www.met.gov.kw	category=data	max.depth=1
http://www.met.gov.my/?lang=english	category=data	max.depth=1
http://www.met.gov.to/	category=data	max.depth=1
http://www.met.hu/	category=data	max.depth=1
http://www.met.inf.cu/asp/genesis.asp?TB0=PLANTILLAS&TB1=INICIAL	category=data	max.depth=1
http://www.metmalawi.com/	category=data	max.depth=1
http://www.metoffice.gov.tt/	category=data	max.depth=1
http://www.mew.gov.kw/Sector3.aspx	category=data	max.depth=1
http://www.miljoeportal.dk	category=data	max.depth=1
http://www.minae.go.cr/index.php/es/	category=data	max.depth=1
http://www.minirena.gov.rw/index.php?id=209	category=data	max.depth=1
http://www.mlit.go.jp/river/basic_info/english/index.html	category=data	max.depth=1
http://www.moa.gov.cy/moa/ms/ms.nsf/DMLindex_gr/DMLindex_gr?OpenDocument	category=data	max.depth=1
http://www.moa.gov.cy/moa/wdd/Wdd.nsf/index_en/index_en?OpenDocument	category=data	max.depth=1
http://www.mod.gov.bn/theme/home.aspx	category=data	max.depth=1
http://www.mof.gov.gm/contact	category=data	max.depth=1
http://www.mofwrnam.gov.gm/	category=data	max.depth=1
http://www.mowr.gov.et/AWMISET/Index.php	category=data	max.depth=1
http://www.mowr.gov.et/index.php?pagenum=11&pagehgt=1430px	category=data	max.depth=1
http://www.mowr.gov.et/index.php?pagenum=6&pagehgt=700px	category=data	max.depth=1
http://www.mowr.gov.sy/	category=data	max.depth=1
http://www.mvotma.gub.uy	category=data	max.depth=1
http://www.mwe.go.ug/index.php	category=data	max.depth=1
http://www.naurugov.nr/	category=data	max.depth=1
http://www.ncm.ae/#!/Radar_Merge_Sat/26	category=data	max.depth=1
http://www.nea.gov.sg/weather-climate	category=data	max.depth=1
http://www.nimet.gov.ng/	category=data	max.depth=1
http://www.nmc.gov.cn/	category=data	max.depth=1
http://www.nri-eg.org/	category=data	max.depth=1
http://www.nwp.gov.eg/index.php/environment	category=data	max.depth=1
http://www.nwrb.gov.ph/	category=data	max.depth=1
http://www.okavangodata.ub.bw/ori/	category=data	max.depth=1
http://wwwold.agrometeopuglia.it/opencms/opencms/Agrometeo/home_agro	category=data	max.depth=1
http://www.onamet.gov.do/	category=data	max.depth=1
http://www.on-mali.org/joomla/index.php/page-daccueil	category=data	max.depth=1
http://www.onm.mr/	category=data	max.depth=1
http://www.onm.nat.tn/fr/index.php	category=data	max.depth=1
http://www.osservatorioacque.it/?cmd=datitlm	category=data	max.depth=1
http://www.pegelonline.wsv.de/gast/karte/standard	category=data	max.depth=1
http://www.pegelonline.wsv.de/gast/karte/standard;jsessionid=04C88E2EC	category=data	max.depth=1
http://www.petrole.gov.mr/	category=data	max.depth=1
http://www.pmd.gov.pk/FFD/cp/floodpage.htm	category=data	max.depth=1
http://www.pnae.mg/	category=data	max.depth=1
http://www.protezionecivile.gov.it/jcms/it/mappa_radar.wp	category=data	max.depth=1
http://www.puc.sc/	category=data	max.depth=1
http://www.pusair-pu.go.id/home/main#	category=data	max.depth=1
http://www.rcmrd.org/stream-flow-monitoring-and-forecasting-in-tanzania	category=data	max.depth=1
http://www.regierung.li/ministerien/ministerium-fuer-infrastruktur-wirtschaft-und-sport	category=data	max.depth=1
http://www.regione.abruzzo.it/xIdrografico/index.asp?modello=pubblicazioni&servizio=LL&stileDiv=mono&template=searchPub&msv=menunavi4	category=data	max.depth=1
http://www.regione.sardegna.it/	category=data	max.depth=1
http://www.rid.go.th/eng/	category=data	max.depth=1
http://www.samet.gov.ws/	category=data	max.depth=1
http://www.sar.sardegna.it/servizi/dati/datistazioni7gg.asp?stazione=Benetutti	category=data	max.depth=1
http://www.semide.tn/DGRE.htm	category=data	max.depth=1
http://www.shirebasin.mw/	category=data	max.depth=1
http://www.sieguinee-dne.org/index.php	category=data	max.depth=1
http://www.smg.gov.mo/smg/e_index.htm	category=data	max.depth=1
http://www.smn.gob.hn/	category=data	max.depth=1
http://www.sodexam.com/	category=data	max.depth=1
http://www.solomonwater.com.sb/	category=data	max.depth=1
http://www.sonapesca.com/	category=data	max.depth=1
http://www.swazimet.gov.sz/	category=data	max.depth=1
http://www.thaiwater.net/web/index.php	category=data	max.depth=1
http://www.tiger-net.org/index.php?id=59	category=data	max.depth=1
http://www.vmgd.gov.vu/vmgd/index.php	category=data	max.depth=1
http://www.vra.com/	category=data	max.depth=1
http://www.waj.gov.jo/sites/en-us/default.aspx	category=data	max.depth=1
http://www.wapda.gov.pk/	category=data	max.depth=1
http://www.warma.org.zm/	category=data	max.depth=1
http://www.waterauthority.com.fj/#	category=data	max.depth=1
http://www.water.gov.bw/	category=data	max.depth=1
http://www.water.gov.ma/	category=data	max.depth=1
http://www.water.gov.zw	category=data	max.depth=1
http://www.water.nsw.gov.au/realtime-data 	category=data	max.depth=1
http://www.water.nsw.gov.au/realtime-data	category=data	max.depth=1
http://www.weather.info.bw/	category=data	max.depth=1
http://www.weathersa.co.za/	category=data	max.depth=1
http://www.wenz.be/nl/	category=data	max.depth=1
http://www.wra.gov.jm/	category=data	max.depth=1
http://www.wrma.or.ke/	category=data	max.depth=1
http://www.wrri.org.eg/	category=data	max.depth=1
http://www.yemen.gov.ye/portal/moew/%D8%A7%D9%84%D8%B1%D8%A6%D9%8A%D8%B3%D9%8A%D8%A9/tabid/2037/Default.aspx	category=data	max.depth=1
http://www.yms.gov.ye/#zoom=6&lat=14.76143&lon=48.39239&layers=BT	category=data	max.depth=1
http://www.zaraho.org.zm	category=data	max.depth=1
http://www.zinwa.co.zw/	category=data	max.depth=1
http://www.zmd.gov.zm/	category=data	max.depth=1
www.opw.ie/hydro-data	category=data	max.depth=1
	category=data	max.depth=1
http://113.108.142.147:20035/emcpublish/	category=data	max.depth=1
http://221.237.179.45:5100/publish/	category=data	max.depth=1
http://air.daegu.go.kr/main.html	category=data	max.depth=1
http://air.daejeon.go.kr/	category=data	max.depth=1
http://air.gb.go.kr/	category=data	max.depth=1
http://air.gg.go.kr/	category=data	max.depth=1
http://air.incheon.go.kr/airinch/inch.html	category=data	max.depth=1
http://airquality.deq.idaho.gov/	category=data	max.depth=1
http://airquality.wi.gov/	category=data	max.depth=1
http://air.ulsan.go.kr/	category=data	max.depth=1
http://aqm.enr.gov.nt.ca/	category=data	max.depth=1
http://arset.gsfc.nasa.gov/airquality	category=data	max.depth=1
http://beijing.usembassy-china.org.cn/070109air.html	category=data	max.depth=1
http://calidaddelaire.minam.gob.pe/	category=data	max.depth=1
http://ccaqapps5m.co.clark.nv.us/	category=data	max.depth=1
http://cem.gov.vn/	category=data	max.depth=1
http://cleanair.seoul.go.kr/air_city.htm?method=measure	category=data	max.depth=1
http://ct.gov/deep/cwp/view.asp?a=2684&amp;q=321758	category=data	max.depth=1
http://dec.alaska.gov/applications/air/envistaweb/	category=data	max.depth=1
http://doe.gov.my	category=data	max.depth=1
http://emdweb.doh.hawaii.gov/air-quality/	category=data	max.depth=1
http://english.mep.gov.cn/	category=data	max.depth=1
http://envs.au.dk/en/knowledge/air/	category=data	max.depth=1
http://epa.tas.gov.au/epa/air	category=data	max.depth=1
http://epa.vic.gov.au/	category=data	max.depth=1
http://esrd.alberta.ca/air/	category=data	max.depth=1
http://gamta.lt/cms/index	category=data	max.depth=1
http://gxepb.nn.gx.cn	category=data	max.depth=1
http://hei.jeju.go.kr/	category=data	max.depth=1
http://heis.busan.go.kr/	category=data	max.depth=1
http://here.cb21.net/home/sub.do?menu_key=52	category=data	max.depth=1
http://hevi.gjcity.net/	category=data	max.depth=1
http://inters.bayern.de/luebmw/html/tagesbericht.php	category=data	max.depth=1
http://iszz.azo.hr/iskzl/	category=data	max.depth=1
http://jihe.jeonbuk.go.kr/	category=data	max.depth=1
http://knhe.gsnd.net/	category=data	max.depth=1
http://luft.hamburg.de/	category=data	max.depth=1
http://mnz.lubw.baden-wuerttemberg.de/messwerte/aktuell/	category=data	max.depth=1
http://oab.ambientebogota.gov.co/	category=data	max.depth=1
http://portal.chmi.cz/	category=data	max.depth=1
http://pune.safar.tropmet.res.in/	category=data	max.depth=1
https://fortress.wa.gov/ecy/enviwa/	category=data	max.depth=1
http://shbj.klmy.gov.cn/	category=data	max.depth=1
http://sinaica.ine.gob.mx/	category=data	max.depth=1
http://sinca.mma.gob.cl/	category=data	max.depth=1
http://sojp.wios.warszawa.pl/	category=data	max.depth=1
http://sxhbj.shaanxi.gov.cn	category=data	max.depth=1
http://taiki.kankyo.pref.osaka.jp/taikikanshi/	category=data	max.depth=1
http://taiki-kanshi.eco.pref.mie.lg.jp/kankyo/	category=data	max.depth=1
http://uk-air.defra.gov.uk/	category=data	max.depth=1
http://vadeq.tx.sutron.com/	category=data	max.depth=1
http://ville.montreal.qc.ca/portal/page?_pageid=7237,74495616&amp;_dad=portal&amp;_schema=PORTAL	category=data	max.depth=1
http://www.adairquality.ae/	category=data	max.depth=1
http://www.aepb.gov.cn	category=data	max.depth=1
http://www.aepb.gov.cn/	category=data	max.depth=1
http://www.airaq.asso.fr	category=data	max.depth=1
http://www.airbreizh.asso.fr/	category=data	max.depth=1
http://www.air.dnr.state.ga.us/	category=data	max.depth=1
http://www.aire.df.gob.mx/	category=data	max.depth=1
http://www.airgangwon.go.kr/	category=data	max.depth=1
http://www.airinfonow.com/	category=data	max.depth=1
http://www.airkorea.or.kr/	category=data	max.depth=1
http://www.airkorea.or.kr/airkorea/eng/	category=data	max.depth=1
http://www.air-lr.org/	category=data	max.depth=1
http://www.airnormand.fr/	category=data	max.depth=1
http://www.airparif.asso.fr/	category=data	max.depth=1
http://www.airpl.org/	category=data	max.depth=1
http://www.airquality.dli.mlsi.gov.cy/	category=data	max.depth=1
http://www.airqualityni.co.uk/	category=data	max.depth=1
http://www.airqualityontario.com/	category=data	max.depth=1
http://www.airquality.utah.gov/	category=data	max.depth=1
http://www.air-rhonealpes.fr/	category=data	max.depth=1
http://www.amfic.eu/bulletin/index.php?region=bj	category=data	max.depth=1
http://www.aqmd.gov/	category=data	max.depth=1
http://www.aqmthai.com/	category=data	max.depth=1
http://www.armaag.gda.pl/	category=data	max.depth=1
http://www.arso.gov.si/en/	category=data	max.depth=1
http://www.atmo-alsace.net/	category=data	max.depth=1
http://www.atmo-npdc.fr/	category=data	max.depth=1
http://www.atmopaca.org	category=data	max.depth=1
http://www.atmo-picardie.com/	category=data	max.depth=1
http://www.atmo-poitou-charentes.org	category=data	max.depth=1
http://www.atmo-reunion.net/	category=data	max.depth=1
http://www.baaqmd.gov/	category=data	max.depth=1
http://www.bafu.admin.ch/luft/index.html?lang=en	category=data	max.depth=1
http://www.bcairquality.ca/	category=data	max.depth=1
http://www.bjepb.gov.cn	category=data	max.depth=1
http://www.cali.gov.co/dagma/	category=data	max.depth=1
http://www.calitateaer.ro/	category=data	max.depth=1
http://www.carm.es/cmaot/calidadaire/portal/	category=data	max.depth=1
http://www.cdemc.cn/	category=data	max.depth=1
http://www.cepb.gov.cn	category=data	max.depth=1
http://www.cepb.gov.cn/	category=data	max.depth=1
http://www.cetesb.sp.gov.br/	category=data	max.depth=1
http://www.cfhb.gov.cn/	category=data	max.depth=1
http://www.chungnam.net/content.do?mnu_cd=HERMENU00091	category=data	max.depth=1
http://www.city.yokohama.lg.jp/kankyo/mamoru/kanshi/index.html	category=data	max.depth=1
http://www.cma.gva.es/web/indice.aspx?nodo=15&amp;idioma=C	category=data	max.depth=1
http://www.cpcb.nic.in/	category=data	max.depth=1
http://www.dec.ny.gov/	category=data	max.depth=1
http://www.depweb.state.pa.us/portal/server.pt/community/air/6000	category=data	max.depth=1
http://www.deqmiair.org/	category=data	max.depth=1
http://www.deq.state.or.us/aqi/	category=data	max.depth=1
http://www.dl.gov.cn/gov/	category=data	max.depth=1
http://www.dloer.gov.cn	category=data	max.depth=1
http://www.dloer.gov.cn/	category=data	max.depth=1
http://www.doe.gov.my/	category=data	max.depth=1
http://www.dyhb.gov.cn/	category=data	max.depth=1
http://www.env.gov.nl.ca/env/env_protection/science/airmon/index.html	category=data	max.depth=1
http://www.environment.gov.sk.ca/Default.aspx?DN=45dbacf9-7290-435e-b44b-0d526de3e5d1	category=data	max.depth=1
http://www.environment.nsw.gov.au/	category=data	max.depth=1
http://www.environnement.public.lu/air_bruit/dossiers/PA-reseaux_mesure_air/reseau_automatique/resultats_mesures_live/index.html	category=data	max.depth=1
http://www.epa.ie/air/	category=data	max.depth=1
http://www.epd.gov.hk/	category=data	max.depth=1
http://www.epd.gov.hk/epd/english/environmentinhk/air/air_maincontent.html	category=data	max.depth=1
http://www.fjepb.gov.cn	category=data	max.depth=1
http://www.fjepb.gov.cn/	category=data	max.depth=1
http://www.gdepb.gov.cn	category=data	max.depth=1
http://www.gdep.gov.cn/	category=data	max.depth=1
http://www.ghb.gov.cn/	category=data	max.depth=1
http://www.gibraltarairquality.gi/	category=data	max.depth=1
http://www.gsep.gansu.gov.cn	category=data	max.depth=1
http://www.gsep.gansu.gov.cn/	category=data	max.depth=1
http://www.gwadair.fr/	category=data	max.depth=1
http://www.gxepb.gov.cn/	category=data	max.depth=1
http://www.gzhjbh.gov.cn	category=data	max.depth=1
http://www.hamnair.ca/	category=data	max.depth=1
http://www.havaizleme.gov.tr/	category=data	max.depth=1
http://www.hb12369.net	category=data	max.depth=1
http://www.hbepb.gov.cn	category=data	max.depth=1
http://www.hbepb.gov.cn/	category=data	max.depth=1
http://www.hbj.hunan.gov.cn	category=data	max.depth=1
http://www.hbt.hunan.gov.cn/new/	category=data	max.depth=1
http://www.hebei.gov.cn/	category=data	max.depth=1
http://www.hljepb.gov.cn	category=data	max.depth=1
http://www.hnep.gov.cn	category=data	max.depth=1
http://www.hnep.gov.cn/	category=data	max.depth=1
http://www.ihe.pref.miyagi.jp/telem/index.html	category=data	max.depth=1
http://www.ilmanlaatu.fi/	category=data	max.depth=1
http://www.iqa.mddefp.gouv.qc.ca/	category=data	max.depth=1
http://www.irceline.be/	category=data	max.depth=1
http://www.jihe.go.kr/	category=data	max.depth=1
http://www.jl.gb.com.cn/wz/first.htm	category=data	max.depth=1
http://www.jshb.gov.cn	category=data	max.depth=1
http://www.jshb.gov.cn/jshbw/	category=data	max.depth=1
http://www.jxepb.gov.cn	category=data	max.depth=1
http://www.jxepb.gov.cn/	category=data	max.depth=1
http://www.kankyo.metro.tokyo.jp/	category=data	max.depth=1
http://www.kankyo.pref.hyogo.jp/taiki/	category=data	max.depth=1
http://www.krakow.pios.gov.pl/monitor.php	category=data	max.depth=1
http://www.kvvm.hu/olm/	category=data	max.depth=1
http://www.lanuv.nrw.de/luft/luft.htm	category=data	max.depth=1
http://www.lnemc.cn/	category=data	max.depth=1
http://www.lnepb.gov.cn	category=data	max.depth=1
http://www.luchtmetingen.amsterdam.nl/	category=data	max.depth=1
http://www.luftkvalitet.info/	category=data	max.depth=1
http://www.luft-rlp.de/aktuell/	category=data	max.depth=1
http://www.lzhb.gov.cn/	category=data	max.depth=1
http://www.madininair.fr/	category=data	max.depth=1
http://www.mambiente.munimadrid.es	category=data	max.depth=1
http://www.maricopa.gov/aq/divisions/monitoring/	category=data	max.depth=1
http://www.mass.gov/eea/agencies/massdep/air/	category=data	max.depth=1
http://www.mepa.org.mt/	category=data	max.depth=1
http://www.meteogalicia.es/Caire/index.action	category=data	max.depth=1
http://www.mosecom.ru/air/air-today/	category=data	max.depth=1
http://www.mugv.brandenburg.de/cms/detail.php/bb2.c.515809.de	category=data	max.depth=1
http://www.nbemc.gov.cn/	category=data	max.depth=1
http://www.njaqinow.net/	category=data	max.depth=1
http://www.nmgepb.gov.cn/	category=data	max.depth=1
http://www.nmhbj.com	category=data	max.depth=1
http://www.nnems.gov.cn/	category=data	max.depth=1
http://www.nxep.gov.cn 	category=data	max.depth=1
http://www.nxep.gov.cn/	category=data	max.depth=1
http://www.ora-guyane.org/	category=data	max.depth=1
http://www.oramip.org/	category=data	max.depth=1
http://www.pref.chiba.lg.jp/	category=data	max.depth=1
http://www.pref.gifu.lg.jp/kankyo/taiki/	category=data	max.depth=1
http://www.qhepb.gov.cn	category=data	max.depth=1
http://www.qhepb.gov.cn/	category=data	max.depth=1
http://www.qld.gov.au/environment/pollution/monitoring/air/	category=data	max.depth=1
http://www.qualar.org/	category=data	max.depth=1
http://www.qualitaircorse.org/	category=data	max.depth=1
http://www.quitoambiente.gob.ec/	category=data	max.depth=1
http://www.scalair.nc/	category=data	max.depth=1
http://www.schj.gov.cn	category=data	max.depth=1
http://www.scottishairquality.co.uk/	category=data	max.depth=1
http://www.sdein.gov.cn/	category=data	max.depth=1
http://www.sepb.gov.cn	category=data	max.depth=1
http://www.shmu.sk/sk/	category=data	max.depth=1
http://www.smg.gov.mo/	category=data	max.depth=1
http://www.stadtentwicklung.berlin.de/umwelt/luftqualitaet/	category=data	max.depth=1
http://www.svivaaqm.net	category=data	max.depth=1
http://www.sxhb.gov.cn	category=data	max.depth=1
http://www.sxhjjcz.com.cn/	category=data	max.depth=1
http://www.szhec.gov.cn/	category=data	max.depth=1
http://www.taiki-gunma.jp/	category=data	max.depth=1
http://www.taiki-kansi.pref.saitama.lg.jp/	category=data	max.depth=1
http://www.taiki.pref.ibaraki.jp/	category=data	max.depth=1
http://www.tceq.state.tx.us/	category=data	max.depth=1
http://www.tjemc.org.cn/	category=data	max.depth=1
http://www.tjhb.gov.cn	category=data	max.depth=1
http://www.ub-air.info/ub-air/en/	category=data	max.depth=1
http://www.umweltbundesamt.at/	category=data	max.depth=1
http://www.umwelt.niedersachsen.de/luft/luftqualitaet-9123.html	category=data	max.depth=1
http://www.umwelt.sachsen.de/umwelt/luft/	category=data	max.depth=1
http://www.urbanemissions.info/	category=data	max.depth=1
http://www.whepb.gov.cn/	category=data	max.depth=1
http://www.wlmqhb.gov.cn/	category=data	max.depth=1
http://www.wunderground.com/	category=data	max.depth=1
http://www.xianemc.gov.cn/	category=data	max.depth=1
http://www.xjepb.gov.cn	category=data	max.depth=1
http://www.xnepb.gov.cn/	category=data	max.depth=1
http://www.xzep.gov.cn/	category=data	max.depth=1
http://www.ynepb.gov.cn	category=data	max.depth=1
http://www.ynepb.gov.cn/	category=data	max.depth=1
http://www.zjepb.gov.cn	category=data	max.depth=1
http://www.zjepb.gov.cn/	category=data	max.depth=1
http://zx.bjmemc.com.cn/	category=data	max.depth=1
http://www.ordoshb.gov.cn/	category=data	max.depth=1
http://www.xjepb.gov.cn	category=data	max.depth=1
