http://a816-dohbesp.nyc.gov/IndicatorPublic/MoreInformation.aspx?SubtopicID=4&theme_code=1,4&ColorCode=719b87&TopicName=Environment	category=unrelated
http://a816-dohbesp.nyc.gov/IndicatorPublic/MoreInformation.aspx?SubtopicID=89&theme_code=1,4&ColorCode=719b87&TopicName=Environment	category=unrelated
http://aa.usno.navy.mil/data/docs/RS_OneDay.php	category=unrelated
http://aep.alberta.ca/water/	category=related
http://api.jquery.com/jQuery.ajax/	category=unrelated
http://apps.urban.org/features/children-of-immigrants/	category=unrelated
http://bcn.boulder.co.us/basin/adm/contact.html	category=unrelated
http://bcn.boulder.co.us/basin/adm/copyright.html	category=unrelated
http://bcn.boulder.co.us/basin/adm/glossary.html	category=unrelated
http://bcn.boulder.co.us/basin/biblio/index.html	category=unrelated
http://bcn.boulder.co.us/basin/data/STREAMFLOW/STREAMFLOW.html	category=data
http://bcn.boulder.co.us/basin/main/invitation.html	category=unrelated
http://bcn.boulder.co.us/basin/search/index.html	category=unrelated
http://bcrfc.env.gov.bc.ca/fallfloods/map_coffee.html	category=data
http://bcrfc.env.gov.bc.ca/freshet/map_all_wsc.html	category=data
http://bcrfc.env.gov.bc.ca/freshet/map_clever.html	category=data
http://bcrfc.env.gov.bc.ca/lowflow/map_7dayflow.html	category=data
http://bublog.tumblr.com/	category=unrelated
http://cara.uprm.edu/	category=unrelated
http://cbp-us.org/trade/automated/getting-started/using-ace-secure-data-portal.html	category=unrelated
http://chicagopolicyreview.org/2013/04/01/policy-radio-special-edition-derek-eder-juan-pablo-velez-and-opengov-hackers-on-open-data-and-civic-minded-applications/	category=unrelated
http://citec.repec.org/	category=unrelated
http://climate.udel.edu/	category=related
http://climat.meteo.gc.ca/historical_data/search_historic_data_e.html	category=unrelated
http://climexp.knmi.nl/start.cgi?someone@somewhere	category=data
http://copernicus.eu/	category=unrelated
http://denverpublichealth.org/home/health-information-and-reports/data-and-informatics-tools/colorado-health-observation-regional-data-service-chords	category=unrelated
http://digimapforcolleges.edina.ac.uk/	category=unrelated
http://docs.adacore.com/gnatcoll-docs/json.html	category=unrelated
http://docs.godotengine.org/en/stable/	category=unrelated
http://ec.gc.ca/meteo-weather/default.asp?lang=En&n=36C4D3AB-1&offset=1	category=unrelated
http://ec.gc.ca/meteo-weather/default.asp?lang=En&n=36C4D3AB-1&offset=2	category=related
http://ec.gc.ca/meteo-weather/default.asp?lang=En&n=36C4D3AB-1&offset=3	category=related
http://ecolex.am/am/	category=unrelated
http://environment.alberta.ca/apps/basins/default.aspx	category=related
http://environment.alberta.ca/forecasting/disclaimer.html	category=related
http://environment.alberta.ca/forecasting/FAQ/comments.html	category=related
http://environment.alberta.ca/forecasting/FAQ/definitions.html	category=related
http://environment.alberta.ca/forecasting/FAQ/index.html	category=related
http://environment.alberta.ca/forecasting/FAQ/maps_data.html	category=related
http://environment.alberta.ca/forecasting/FAQ/near_real_time.html	category=related
http://environment.alberta.ca/forecasting/FAQ/related.html	category=related
http://environment.alberta.ca/forecasting/ForecastersComments/index.html	category=related
http://environment.alberta.ca/forecasting/reports/index.html	category=related
http://environment.alberta.ca/forecasting/RiverIce/index.html	category=related
http://environment.alberta.ca/forecasting/WaterSupply/index.html	category=related
http://environment.alberta.ca/forecasting/wmo_reports.html	category=related
http://epa.unhyperbolic.org/mirror/www.epa.gov/climate-indicators/frequent-questions-about-climate-change-indicators.html	category=unrelated
http://esimedia.co.uk/privacy-policy/	category=unrelated
http://focusonfloods.org/flood-history	category=related
http://geoid.colorado.edu/grace/dataportal.html	category=unrelated
http://his.cuahsi.org/wofws.html	category=data
http://hrsonline.isr.umich.edu/index.php	category=unrelated
http://ine.uaf.edu/werc/projects/npra-hydrology/princecreek.aspx	category=data
http://international.gc.ca/world-monde/index.aspx?lang=eng	category=related
http://json.org	category=unrelated
http://json.org/index.html	category=unrelated
http://julieklausner.tumblr.com/page/2	category=unrelated
http://julieklausner.tumblr.com/post/128365392769/your-loser-shorts-ep-207-subscribe-to-my	category=unrelated
http://julieklausner.tumblr.com/post/131350962499/the-kevin-show-ep-208-subscribe-to-my-podcast	category=unrelated
http://julieklausner.tumblr.com/post/132672106634/pleased-as-punch-ep-209-subscribe-to-my-podcast	category=unrelated
http://julieklausner.tumblr.com/post/134004544724/broad-green-options-julie-klausners-memoir-i	category=unrelated
http://julieklausner.tumblr.com/post/134005123464/feralaudio-ep-23-bloodless-by-julie	category=unrelated
http://julieklausner.tumblr.com/post/295946409/who	category=unrelated
http://julieklausner.tumblr.com/post/295963071/contact	category=unrelated
http://julieklausner.tumblr.com/tagged/difficult-people	category=unrelated
http://julieklausner.tumblr.com/tagged/difficultpeople	category=unrelated
http://julieklausner.tumblr.com/tagged/idcayb	category=unrelated
http://julieklausner.tumblr.com/tagged/pets-with-my-stuff	category=unrelated
http://julieklausner.tumblr.com/tagged/photos	category=unrelated
http://julieklausner.tumblr.com/tagged/press	category=unrelated
http://julieklausner.tumblr.com/tagged/rhobh	category=unrelated
http://julieklausner.tumblr.com/tagged/rhonyc	category=unrelated
http://julieklausner.tumblr.com/tagged/scott-king	category=unrelated
http://julieklausner.tumblr.com/tagged/scottking	category=unrelated
http://julieklausner.tumblr.com/tagged/shows	category=unrelated
http://julieklausner.tumblr.com/tagged/videos	category=unrelated
http://julieklausner.tumblr.com/tagged/writing	category=unrelated
http://lcrpc.org/lincoln-county-towns/town-of-edgecomb-maine	category=unrelated
http://library.stanford.edu/branner	category=unrelated
http://library.wrds.uwyo.edu	category=related
http://lilbub.com/about	category=unrelated
http://lilbub.com/bigfund	category=unrelated
http://lilbub.com/news	category=unrelated
http://loca.ucsd.edu/	category=related
http://mag.ncep.noaa.gov/	category=related
http://media.bom.gov.au/releases/513/bureau-of-meteorology-statement-on-proposed-enterprise-agreement-and-protected-industrial-action/	category=related
http://mi-suddr.com/	category=unrelated
http://mi-suddr.com/guide/	category=unrelated
http://mobile.weather.gov/index.php?lat=29.9546&lon=-90.0751&unit=0&lg=english	category=related
http://news.cityofgoldcoast.com.au	category=unrelated
http://news.cityofgoldcoast.com.au/contact-us	category=unrelated
http://nsidc.org/data/nsidc-0190	category=related
http://nsidc.org/data/search/	category=data
http://od4d.net/about/	category=unrelated
http://od4d.net/	category=unrelated
http://onegeology-geonetwork.brgm.fr/geonetwork3/srv/eng/catalog.search	category=unrelated
http://openlayers.org/en/latest/doc/	category=unrelated
http://pcastarchive.net/PCAST4/nca2014.globalchange.gov/index.html	category=unrelated
http://pcastarchive.net/PCAST4/www.data.gov/climate/faq/index.html	category=data
http://pcastarchive.net/PCAST4/www.usda.gov/wps/portal/usda/usdahome6b56.html?navid=DATA_STATISTICS	category=unrelated
http://php.net	category=unrelated
http://postgis.net/	category=unrelated
http://prism.nacse.org/mtd/	category=data
http://proceedings.esri.com/library/userconf/proc17/tech-workshops.html	category=unrelated
http://pslreb-crtefp.gc.ca/index_e.asp	category=unrelated
http://publichealth.lacounty.gov/tob/reports.htm	category=unrelated
http://pureportal.org/metadata	category=unrelated
http://pureportal.org/simpleSearchInstances	category=unrelated
http://recwowe.vitamib.com/publications-1	category=unrelated
http://rochesterproject.org/	category=unrelated
http://rpgnextgen.com/index.php?content=json	category=unrelated
http://rvrn.org/2013/04/2012-annual-report/	category=unrelated
http://rvrn.org/2016/04/annual-report-2015/	category=unrelated
https://256.makerslocal.org/wiki/index.php/Libdjson	category=unrelated
https://4326.us/esri/conda-uc/	category=unrelated
https://accounts.google.com/ServiceLogin?continue=https%3A%2F%2Fwww.youtube.com%2Fsignin%3Fnext%3D%252Fchannel%252FUCLzF_Udq-XkTgTRYjCbLq5A%26feature%3Dplaylist%26action_handle_signin%3Dtrue%26app%3Ddesktop%26hl%3Den&passive=true&uilel=3&hl=en&service=youtube	category=unrelated
http://salishsea-meopar-docs.readthedocs.io/en/latest/storm_surges/tools.html	category=related
https://ams.confex.com/ams/97Annual/webprogram/Paper309644.html	category=unrelated
https://apecs.is/events/past-event-highlights/event-highlights-2018/polar-2018.html	category=unrelated
https://aspe.hhs.gov/compilation-state-data-affordable-care-act	category=unrelated
https://aviationweather.gov/	category=related
https://buyandsell.gc.ca/policy-and-guidelines/standard-acquisition-clauses-and-conditions-manual	category=unrelated
https://ca.water.usgs.gov/data/waterconditionsmap.html	category=data
https://chihacknight.org/community.html	category=unrelated
https://chihacknight.org/projects.html	category=unrelated
https://cimis.water.ca.gov/	category=data
https://communityhub.esriuk.com/geoxchange/2015/8/7/a-month-of-handy-hints-for-arcgis-users	category=unrelated
https://creativecommons.org/licenses/by/3.0/	category=unrelated
https://daac.ornl.gov/LBA/guides/LC04_Macrohydrology.html	category=data
https://data.grandriver.ca/about-externalresources.html	category=data
https://data.grandriver.ca/about-licensing.html	category=related
https://data.grandriver.ca/downloads-geospatial.html	category=related
https://data.grandriver.ca/downloads.html	category=data
https://data.grandriver.ca/downloads-monitoring.html	category=data
https://data.grandriver.ca/webservices-geospatial.html	category=data
https://data.grandriver.ca/webservices.html	category=data
https://data.illinois.gov/group/safety	category=unrelated
https://datamarket.com/data/	category=related
https://datastewards.net/	category=unrelated
https://depts.washington.edu/shuiwen/table.html	category=data
https://disabilitycompendium.org/	category=unrelated
https://disabilitycompendium.org/faq	category=unrelated
https://dnrec.alpha.delaware.gov/climate-change-2/	category=unrelated
https://doaj.org/	category=unrelated
https://docs.3di.lizard.net/en/stable/b_grid.html	category=unrelated
https://docs.3di.lizard.net/en/stable/d_rasters.html	category=unrelated
https://docs.aws.amazon.com/AmazonCloudWatch/latest/logs/AgentReference.html	category=unrelated
https://docs.aws.amazon.com/AmazonCloudWatch/latest/logs/auth-and-access-control-cwl.html	category=unrelated
https://docs.aws.amazon.com/AmazonCloudWatch/latest/logs/cloudwatch-logs-and-interface-VPC.html	category=unrelated
https://docs.aws.amazon.com/AmazonCloudWatch/latest/logs/CloudWatchLogsConcepts.html	category=unrelated
https://docs.aws.amazon.com/AmazonCloudWatch/latest/logs/Counting404Responses.html	category=unrelated
https://docs.aws.amazon.com/AmazonCloudWatch/latest/logs/CountingLogEventsExample.html	category=unrelated
https://docs.aws.amazon.com/AmazonCloudWatch/latest/logs/CreateSubscriptionFilter.html	category=unrelated
https://docs.aws.amazon.com/AmazonCloudWatch/latest/logs/CrossAccountSubscriptions.html	category=unrelated
https://docs.aws.amazon.com/AmazonCloudWatch/latest/logs/CWL_GettingStarted.html	category=unrelated
https://docs.aws.amazon.com/AmazonCloudWatch/latest/logs/DeletingMetricFilter.html	category=unrelated
https://docs.aws.amazon.com/AmazonCloudWatch/latest/logs/ExtractBytesExample.html	category=unrelated
https://docs.aws.amazon.com/AmazonCloudWatch/latest/logs/FindCountMetric.html	category=unrelated
https://docs.aws.amazon.com/AmazonCloudWatch/latest/logs/GettingSetup_cwl.html	category=unrelated
https://docs.aws.amazon.com/AmazonCloudWatch/latest/logs/iam-access-control-overview-cwl.html	category=unrelated
https://docs.aws.amazon.com/AmazonCloudWatch/latest/logs/iam-identity-based-access-control-cwl.html	category=unrelated
https://docs.aws.amazon.com/AmazonCloudWatch/latest/logs/logging_cw_api_calls_cwl.html	category=unrelated
https://docs.aws.amazon.com/AmazonCloudWatch/latest/logs/permissions-reference-cwl.html	category=unrelated
https://docs.aws.amazon.com/AmazonCloudWatch/latest/logs/QuickStartWindows2016.html	category=unrelated
https://docs.aws.amazon.com/AmazonCloudWatch/latest/logs/SubscriptionFilters.html	category=unrelated
https://docs.aws.amazon.com/AmazonCloudWatch/latest/logs/Working-with-log-groups-and-streams.html	category=unrelated
https://edition.cnn.com/2015/06/19/living/cat-videos-study-feat/index.html	category=unrelated
https://edition.cnn.com/accessibility	category=unrelated
https://edition.cnn.com/africa	category=unrelated
https://edition.cnn.com/americas	category=unrelated
https://edition.cnn.com/asia	category=unrelated
https://edition.cnn.com/specials/africa/inside-africa	category=unrelated
https://edition.cnn.com/specials	category=unrelated
https://edition.cnn.com/specials/health/fitness-excercise	category=unrelated
https://edition.cnn.com/specials/health/wellness	category=unrelated
https://edition.cnn.com/specials/opinions/two-degrees	category=unrelated
https://edition.cnn.com/specials/sport/judo-world	category=unrelated
https://edition.cnn.com/sport/golf	category=unrelated
https://edition.cnn.com/sport/horse-racing	category=unrelated
https://edition.cnn.com/sport/sailing	category=unrelated
https://edition.cnn.com/travel/play	category=unrelated
https://edition.cnn.com/tv/shows	category=unrelated
https://ensr.com/	category=unrelated
https://envirodatagov.org/archiving/	category=unrelated
https://envirodatagov.org/	category=unrelated
https://environment.data.gov.uk/bwq/profiles/data.html	category=unrelated
https://environment.data.gov.uk/bwq/profiles/help-glossary.html	category=unrelated
https://epi.grants.cancer.gov/asa24/	category=unrelated
http://severe.worldweather.wmo.int/	category=related
https://fda.opentrials.net/search	category=unrelated
https://fda.opentrials.net/search?page=6	category=unrelated
https://forecast.weather.gov/MapClick.php?lat=29.954648690000454&lon=-90.07506999099968	category=related
https://forecast.weather.gov/MapClick.php?lat=29.9546&lon=-90.0751&unit=0&lg=english&FcstType=text&TextType=1	category=unrelated
https://forecast.weather.gov/MapClick.php?lat=29.9546&lon=-90.0751&unit=0&lg=english&FcstType=text&TextType=2	category=unrelated
https://forecast.weather.gov/MapClick.php?zoneid=AZZ036	category=related
https://forecast.weather.gov/product.php?site=LIX&issuedby=LIX&product=AFD&format=CI&version=1&glossary=1	category=related
https://forecast.weather.gov/showsigwx.php?warnzone=LAZ062&warncounty=LAC071&firewxzone=LAZ062&local_place1=3%20Miles%20NNW%20Gretna%20LA&product1=Hazardous+Weather+Outlook&lat=29.9546&lon=-90.0751	category=related
https://gds.blog.gov.uk/	category=unrelated
https://get-information-schools.service.gov.uk/	category=unrelated
https://gis.cancer.gov/	category=unrelated
https://governmentofbc.maps.arcgis.com/apps/MapSeries/index.html?appid=838d533d8062411c820eef50b08f7ebc	category=data
https://health.gov	category=unrelated
https://hudhdx.info/	category=unrelated
https://hydro.nationalmap.gov/arcgis/rest/services/wbd/MapServer	category=related
https://ideas.repec.org/a/spr/nathaz/v91y2018i1d10.1007_s11069-017-3125-7.html	category=unrelated
https://itunes.apple.com/ie/podcast/the-throw-in/id1124002318?mt=2	category=unrelated
https://jgateplus.com/search/login/	category=unrelated
https://jquery.com/browser-support/	category=unrelated
https://librarynews.inside.tru.ca/2018/04/13/de-stress-in-the-stress-free-zone/	category=unrelated
https://listings.thevow.ie/venues/coolbawn-quay	category=unrelated
https://lobbycanada.gc.ca/eic/site/012.nsf/eng/h_00000.html	category=unrelated
https://mcciservices.newscyclecloud.com/cgi-bin/cmo_mcc-c-cmdb-est-01.sh/custservice/web/contact.html?stateInfo=aaccWdbcaHjldlsk3248%7C1&source=external	category=unrelated
https://mcciservices.newscyclecloud.com/cgi-bin/cmo_mcc-c-cmdb-est-01.sh/custservice/web/registration.html?stateInfo=aaccWdbcaHjldlsk3248%7C1	category=unrelated
https://nashp.org/patient-safety-toolkit/	category=unrelated
https://nationalmap.gov/small_scale/help/faq-global-map.html	category=data
https://nationalmap.gov/small_scale/infodocs/webservices.html	category=unrelated
https://nationalmap.gov/small_scale/mld/1gages.html	category=data
https://nces.ed.gov/FCSM/index.asp	category=unrelated
https://nc.water.usgs.gov/realtime/real_time_north_carolina.html	category=data
https://nhd.usgs.gov/data.html	category=unrelated
https://nim-lang.org/docs/json.html	category=unrelated
https://nodejs.org/en/	category=unrelated
https://obamawhitehouse.archives.gov/the-press-office/2016/09/28/joint-statement-ministers	category=unrelated
https://okfn.org/privacy-policy/	category=unrelated
https://opendatabarometer.org/	category=unrelated
https://opendatawatch.com/	category=unrelated
https://open.med.harvard.edu/project/shrine/	category=unrelated
https://plus.google.com/+esriuk/posts	category=unrelated
https://plus.google.com/+youtube	category=unrelated
https://projects.ands.org.au/policy.php	category=unrelated
https://pr.water.usgs.gov/public/rt/hn/aguan.html	category=data
https://publications.copernicus.org	category=unrelated
https://publicfiles.fcc.gov/	category=unrelated
https://publichealthonline.gwu.edu/blog/sources-for-climate-news/	category=unrelated
https://pubs.usgs.gov/dds/dds-81/Intro/MonitoringData/Hydrologic/DataFormat.html	category=data
https://research.stlouisfed.org/	category=unrelated
https://search.earthdata.nasa.gov/portal/ornldaac/search	category=related
https://searisingsolutions.com/	category=unrelated
https://secure.cihi.ca/estore/productSeries.htm?pc=PCC140	category=unrelated
https://secure.lglforms.com/form_engine/s/pSsqtc9u4WVkEonQbBbU8Q	category=unrelated
https://slideblast.com/a-dynamic-graphical-interface-for-visualizing-glerls-noaa_5947d0561723ddd1cdfa1251.html	category=unrelated
https://soundcloud.com/populationreferencebureau	category=unrelated
https://soundcloud.com/the-throw-in-independentie	category=unrelated
https://support.mozilla.org/en-US/products/firefox	category=unrelated
https://syhacked.com/	category=unrelated
https://syhacked.com	category=unrelated
https://tidesandcurrents.noaa.gov/nowcoast.html	category=data
https://tidesandcurrents.noaa.gov/stationhome.html?id=9063007	category=data
https://tidesandcurrents.noaa.gov/tide_predictions.html	category=related
https://tidesandcurrents.noaa.gov/web_services_info.html	category=data
https://twitter.com/TRULibrary	category=unrelated
http://sunrisecounty.org/	category=unrelated
https://unstats.un.org/home/	category=unrelated
https://viewer.nationalmap.gov/basic/?basemap=b1&category=nhd&title=NHD%20View	category=data
https://wateroffice.ec.gc.ca/contactus/contact_us_e.html	category=related
https://wateroffice.ec.gc.ca/contactus/faq_e.html	category=data
https://wateroffice.ec.gc.ca/google_map/google_map_e.html?map_type=historical	category=data
https://wateroffice.ec.gc.ca/google_map/google_map_e.html?map_type=real_time	category=unrelated
https://wateroffice.ec.gc.ca/index_e.html	category=unrelated
https://wateroffice.ec.gc.ca/mainmenu/real_time_data_index_e.html	category=data
https://wateroffice.ec.gc.ca/mainmenu/tools_and_downloads_index_e.html	category=data
https://waterservices.usgs.gov/rest/GW-Levels-Service.html	category=related
https://waterservices.usgs.gov/rest/IV-Service.html	category=data
https://water.usgs.gov/data/watertips.html	category=related
https://water.usgs.gov/GIS/huc.html	category=related
https://water.usgs.gov/maps.html	category=data
https://water.usgs.gov/owq/data.html	category=related
https://ww2.mathworks.cn	category=unrelated
https://ww2.mathworks.cn/company.html?s_tid=hp_ff_a_company	category=unrelated
https://www150.statcan.gc.ca/n1/en/subjects?MM=1	category=unrelated
https://www2.gov.bc.ca/gov/content/environment/air-land-water/water/drought-flooding-dikes-dams/river-forecast-centre	category=data
https://www2.gov.bc.ca/gov/content/environment/air-land-water/water/drought-flooding-dikes-dams/river-forecast-centre/current-water-levels-and-flood-forecast-modeling	category=data
https://www2.gov.bc.ca/gov/content/environment/air-land-water/water/drought-flooding-dikes-dams/river-forecast-centre/snow-survey-water-supply-bulletin	category=data
https://www3.epa.gov/enviro/facts/sdwis/search.html	category=unrelated
https://www.acq.osd.mil/eie/Bios.html	category=unrelated
https://www.admin.ch/gov/en/start/documentation/media-releases.msg-id-60512.html	category=unrelated
https://www.adr.org	category=unrelated
https://www.advances-in-geosciences.net/	category=unrelated
https://www.agric.gov.ab.ca/app21/rtw/index.jsp	category=unrelated
https://www.aljazeera.com/podcasts/	category=unrelated
https://www.americanwhitewater.org/	category=related
https://www.ametsoc.org/ams/index.cfm/ams-giving-program/	category=unrelated
https://www.annales-geophysicae.net/	category=unrelated
https://www.ann-geophys.net/36/987/2018/angeo-36-987-2018.html	category=unrelated
https://www.apcdcouncil.org/frequently-asked-questions	category=unrelated
https://www.arcus.org/logistics	category=unrelated
https://www.aviso.altimetry.fr/en/applications/hydrology-and-land.html	category=data
https://www.aviso.altimetry.fr/en/multimedia/education/boardgame.html	category=related
https://www.bafu.admin.ch/bafu/en/home/office/divisions-sections/hydrology-division.html	category=related
https://www.bafu.admin.ch/bafu/en/home/topics/water/state/maps.html	category=related
https://www.bafu.admin.ch/bafu/en/home/topics/water/state/maps/the-hydrometric-gauging-station-catchments-in-switzerland.html	category=related
https://www.baltex-research.eu/data/bmcd.html	category=data
https://www.baltex-research.eu/data/data_links.html	category=data
https://www.bls.gov/audience/economists.htm	category=unrelated
https://www.bls.gov/bls/business.htm	category=unrelated
https://www.bls.gov/bls/news-release/home.htm	category=unrelated
https://www.bls.gov/bls/unemployment.htm	category=unrelated
https://www.bls.gov/	category=unrelated
https://www.bls.gov/cps/earnings.htm	category=unrelated
https://www.bls.gov/developers/home.htm	category=unrelated
https://www.bls.gov/emp/	category=unrelated
https://www.bls.gov/newsroom/	category=unrelated
https://www.bls.gov/newsroom/home.htm	category=unrelated
https://www.bls.gov/nls/	category=unrelated
https://www.bls.gov/ooh/architecture-and-engineering/home.htm	category=unrelated
https://www.bls.gov/ooh/arts-and-design/graphic-designers.htm	category=unrelated
https://www.bls.gov/ooh/building-and-grounds-cleaning/home.htm	category=unrelated
https://www.bls.gov/ooh/business-and-financial/fundraisers.htm	category=unrelated
https://www.bls.gov/ooh/construction-and-extraction/hazardous-materials-removal-workers.htm	category=unrelated
https://www.bls.gov/ooh/healthcare/recreational-therapists.htm	category=unrelated
https://www.bls.gov/ooh/legal/paralegals-and-legal-assistants.htm	category=unrelated
https://www.bls.gov/ooh/military/military-careers.htm	category=unrelated
https://www.bls.gov/ooh/transportation-and-material-moving/hand-laborers-and-material-movers.htm	category=unrelated
https://www.bls.gov/ooh/transportation-and-material-moving/taxi-drivers-and-chauffeurs.htm	category=unrelated
https://www.bls.gov/opub/ted/	category=unrelated
https://www.bls.gov/regions/west/	category=unrelated
https://www.bls.gov/tus/	category=unrelated
https://www.burnaby.ca/Things-To-Do/Festivals-and-Events/Giro-di-Burnaby.html	category=unrelated
https://www.businesswire.com/portal/site/home/news/	category=unrelated
https://www.canada.ca/en/government/about.html	category=unrelated
https://www.canada.ca/en/government/publicservice.html	category=unrelated
https://www.canada.ca/en/government/system.html	category=unrelated
https://www.canada.ca/en/immigration-refugees-citizenship/services/application.html	category=unrelated
https://www.canada.ca/en/immigration-refugees-citizenship/services/canadians.html	category=unrelated
https://www.canada.ca/en/news.html	category=unrelated
https://www.canada.ca/en/services/benefits/education.html	category=unrelated
https://www.canada.ca/en/services/benefits.html	category=unrelated
https://www.canada.ca/en/services/business/trade.html	category=unrelated
https://www.canada.ca/en/services/jobs/workplace.html	category=unrelated
https://www.canada.ca/en/services/taxes/business-number.html	category=unrelated
https://www.canada.ca/en/services/taxes/child-and-family-benefits.html	category=unrelated
https://www.canada.ca/en/services/taxes/income-tax.html	category=unrelated
https://www.canada.ca/en/transparency/terms.html	category=unrelated
https://www.carsireland.ie/reviews/ford	category=unrelated
https://www.carsireland.ie/reviews/skoda	category=unrelated
https://www.carsireland.ie/reviews/volkswagen	category=unrelated
https://www.cbsa-asfc.gc.ca/travel-voyage/edeclaration-eng.html	category=unrelated
https://www.ch.ch/en	category=unrelated
https://www.climate.gov/enso	category=unrelated
https://www.climate.gov/maps-data/dataset/past-weather-zip-code-data-table	category=data
https://www.climate.gov/news-features/blogs/enso/cpc%E2%80%99s-new-week-3-4-temperature-and-precipitation-outlook-success-story	category=unrelated
https://www.clim-past.net/12/issue2.html	category=unrelated
https://www.cms.gov/Center/Special-Topic/American-Indian-Alaska-Native-Center.html?redirect=/center/ir.asp	category=unrelated
https://www.cnbc.com/make-it/careers/	category=unrelated
https://www.cnbc.com/make-it/leadership/	category=unrelated
https://www.cnbc.com/make-it/special-reports/	category=unrelated
https://www.cnbc.com/video/2018/07/23/nike-adjusting-salaries-for-over-7000-employees.html	category=unrelated
https://www.cnbc.com/video/2018/07/23/trump-warns-iran-in-late-night-tweet.html	category=unrelated
https://www.cnbc.com/video/2018/07/24/cnbc-international-premarket-briefing-july-24-2018.html	category=unrelated
https://www.cnbc.com/video/2018/07/24/this-day-in-history-july-24-2018.html	category=unrelated
https://www.colorado.gov/pacific/cdphe/data-topic	category=unrelated
https://www.coloradohealthinstitute.org/data	category=unrelated
https://www.communitycommons.org/2018/07/texas-clinics-busting-traditional-silos-of-mental-and-physical-health-care/	category=unrelated
https://www.communitycommons.org/contact/	category=unrelated
https://www.copernicus.org/data_protection.html	category=unrelated
https://www.data.jma.go.jp/gmd/env/data/report/data/index_e.html	category=data
https://www.dnr.state.mn.us/climate/historical/acis_stn_meta_coco.html	category=data
https://www.dnr.state.mn.us/events/community-events.html	category=unrelated
https://www.dnr.state.mn.us/lakefind/index.html	category=related
https://www.dnr.state.mn.us/plants/index.html	category=unrelated
https://www.dnr.state.mn.us/recreation/index.html	category=unrelated
https://www.dnr.state.mn.us/rsg/index.html	category=unrelated
https://www.dnr.state.mn.us/safety/boatwater/index.html	category=unrelated
https://www.dnr.state.mn.us/walkin/index.html	category=unrelated
https://www.dnr.state.mn.us/waters/csg/index.html	category=data
https://www.earth-surface-dynamics.net/	category=unrelated
https://www.earth-syst-sci-data.net/7/143/2015/essd-7-143-2015-relations.html	category=unrelated
https://www.eeoc.gov/eeoc/statistics/nofear/qanda.cfm	category=unrelated
https://www.ensi.ch/en/documents/document-category/other-documents/	category=unrelated
https://www.envidat.ch/	category=unrelated
https://www.esrl.noaa.gov/psd/data/gridded/data.gpcc.html	category=data
https://www.esrl.noaa.gov/psd/data/gridded/data.livneh.html	category=data
https://www.esrl.noaa.gov/psd/data/gridded/data.ncep.reanalysis.derived.surface.html	category=data
https://www.ess.uci.edu/~velicogna/sealevel_data_temp.php	category=unrelated
https://www.fcc.gov/health/maps/developers	category=unrelated
https://www.federalregister.gov/documents/2007/01/25/E7-1066/final-bulletin-for-agency-good-guidance-practices	category=unrelated
https://www.fhwa.dot.gov/	category=unrelated
https://www.flickr.com/photos/thompsonrivers	category=unrelated
https://www.flickr.com/photos/usbr/	category=unrelated
https://www.flickr.com/photos/usepagov	category=unrelated
https://www.google.com/forms/about/?utm_source=product&utm_medium=forms_logo&utm_campaign=forms	category=unrelated
https://www.google.com/intl/en/help/terms_maps.html?hl=en_US	category=unrelated
https://www.govtrack.us/	category=unrelated
https://www.healthypeople.gov/2020/leading-health-indicators/2020-lhi-topics/Oral-Health	category=unrelated
https://www.healthypeople.gov/2020/Leading-Health-Indicators	category=unrelated
https://www.homesandproperty.co.uk	category=unrelated
https://www.homesandproperty.co.uk/property-news/plan-for-affordable-homes-at-controversial-chelsea-barracks-development-a122316.html	category=unrelated
https://www.huduser.gov/portal/oup/home.html	category=unrelated
https://www.hydrology-and-earth-system-sciences.net/subscribe_to_alerts.html	category=unrelated
https://www.hzg.de/public_relations_media/imprint/privacy_policy/index.php.en	category=unrelated
https://www.iacea.com/about	category=unrelated
https://www.iacea.com/handbook	category=unrelated
https://www.iacea.com/handbook/memorandum-of-understanding	category=unrelated
https://www.iacea.com/members/australia	category=unrelated
https://www.iacea.com/members/belgium	category=unrelated
https://www.iacea.com/members/canada	category=unrelated
https://www.iacea.com/members	category=unrelated
https://www.ihs.gov/dps/index.cfm/publications/	category=unrelated
https://www.ihs.gov/fdi/	category=unrelated
https://www.ihs.gov/urban/	category=unrelated
https://www.inc.com/video	category=unrelated
https://www.independent.co.uk/author/shappi-khorsandi	category=unrelated
https://www.independent.ie/business/world/	category=unrelated
https://www.independent.ie/entertainment/banter/cute/	category=unrelated
https://www.independent.ie/entertainment/books/book-news/	category=unrelated
https://www.independent.ie/entertainment/games/	category=unrelated
https://www.independent.ie/entertainment/television/tv-news/	category=unrelated
https://www.independent.ie/life/	category=unrelated
https://www.independent.ie/life/food-drink/	category=unrelated
https://www.independent.ie/life/food-drink/food-news/	category=unrelated
https://www.independent.ie/life/home-garden/interiors/	category=unrelated
https://www.independent.ie/life/motoring/car-talk/	category=unrelated
https://www.independent.ie/podcasts/the-floating-voter/	category=unrelated
https://www.independent.ie/videos/entertainment/watch-wedding-singer-provokes-furious-reaction-from-his-mother-by-pretending-to-forget-song-lyrics-37145782.html	category=unrelated
https://www.independent.ie/world-news/and-finally/11-adorable-videos-that-show-dogs-and-cats-react-to-snow-very-differently-36654902.html	category=unrelated
https://www.independent.ie/world-news/north-america/president-trump/in-pictures-protesters-flood-us-cities-in-their-thousands-to-fight-trump-immigration-policy-37068197.html	category=unrelated
https://www.informatica.com/solutions/industry-solutions/healthcare/data-governance-for-healthcare.html	category=unrelated
https://www.io-warnemuende.de/amber.html	category=unrelated
https://www.jma.go.jp/en/amedas/000.html?elementCode=0	category=related
https://www.jma.go.jp/en/amedas/000.html?elementCode=1	category=related
https://www.jma.go.jp/en/amedas/000.html?elementCode=2	category=related
https://www.jma.go.jp/en/amedas/000.html?elementCode=3	category=related
https://www.jma.go.jp/en/amedas/000.html?elementCode=4	category=related
https://www.jma.go.jp/en/amedas_h/	category=related
https://www.jma.go.jp/en/ashfall/	category=related
https://www.jma.go.jp/en/funkasokuho/	category=related
https://www.jma.go.jp/en/g3/	category=related
https://www.jma.go.jp/en/gms150jp/	category=related
https://www.jma.go.jp/en/gms/	category=related
https://www.jma.go.jp/en/highresorad/	category=related
https://www.jma.go.jp/en/jikei/	category=related
https://www.jma.go.jp/en/kaijyo/323.html	category=related
https://www.jma.go.jp/en/kaijyo/326.html	category=related
https://www.jma.go.jp/en/kaijyo/329.html	category=related
https://www.jma.go.jp/en/kaijyo/331.html	category=related
https://www.jma.go.jp/en/kaijyo/	category=related
https://www.jma.go.jp/en/kaikotan/	category=related
https://www.jma.go.jp/en/kosa/	category=related
https://www.jma.go.jp/en/kosafcst/	category=related
https://www.jma.go.jp/en/kuko/	category=related
https://www.jma.go.jp/en/longfcst/	category=related
https://www.jma.go.jp/en/mesh20/	category=related
https://www.jma.go.jp/en/quake/	category=related
https://www.jma.go.jp/en/radnowc/	category=related
https://www.jma.go.jp/en/seafcst/	category=related
https://www.jma.go.jp/en/seawarn/	category=related
https://www.jma.go.jp/en/soukei/	category=related
https://www.jma.go.jp/en/suigaimesh/inund.html	category=related
https://www.jma.go.jp/en/tsunami/	category=related
https://www.jma.go.jp/en/typh/	category=related
https://www.jma.go.jp/en/uv/	category=related
https://www.jma.go.jp/en/volcano/	category=related
https://www.jma.go.jp/en/week/305.html	category=related
https://www.jma.go.jp/en/week/	category=related
https://www.jma.go.jp/jma/en/Access/indexe_acs.html	category=related
https://www.jma.go.jp/jma/en/Activities/observations.html	category=data
https://www.jma.go.jp/jma/en/Background/dg.html	category=related
https://www.jma.go.jp/jma/en/Background/history.html	category=related
https://www.jma.go.jp/jma/en/Background/mission.html	category=related
https://www.jma.go.jp/jma/en/Background/organization.html	category=related
https://www.jma.go.jp/jma/en/copyright.html	category=related
https://www.jma.go.jp/jma/en/Links/indexe_lnk.html	category=related
https://www.jma.go.jp/jma/en/menu.html	category=related
https://www.jma.go.jp/jma/en/News/indexe_news.html	category=related
https://www.jma.go.jp/jma/en/Publications/publications.html	category=related
https://www.jma.go.jp/jma/en/SiteMap/indexe_smp.html	category=related
https://www.jma.go.jp/jma/indexe.html	category=related
https://www.jma-net.go.jp/msc/en/aomsuc2/index.html	category=related
https://www.jma-net.go.jp/msc/en/aomsuc2/presentations.html	category=related
https://www.jma-net.go.jp/msc/en/aomsuc2/summary.html	category=related
https://www.jma-net.go.jp/msc/en/aomsuc6/summary.html	category=related
https://www.jma-net.go.jp/msc/en/	category=related
https://www.jma-net.go.jp/msc/en/general/activity/msc/index.html	category=unrelated
https://www.legalnotice.org/pl/newsobserver/landing1.aspx	category=unrelated
https://www.lfi.ch/index-en.php	category=unrelated
https://www.maine.gov/dep/sustainability/climate/trends-data.html	category=data
https://www.mardigras.com/news/2017/02/mardi_gras_recipes_new_orleans.html	category=unrelated
https://www.mcclatchyreprints.com/../services/e-prints/	category=unrelated
https://www.michigan.gov/cgi/0,4548,7-158-13111---F,00.html	category=related
https://www.michigan.gov/cgi/0,4548,7-158-71454-30811--,00.html	category=unrelated
https://www.michigan.gov/cgi	category=unrelated
https://www.michigan.gov/deq/0,4561,7-135-3311_4231-188295--,00.html	category=unrelated
https://www.michigan.gov/deq/0,4561,7-135-3313_3684_3724---,00.html	category=data
https://www.midatlanticrisa.org/contact.html	category=unrelated
https://www.midatlanticrisa.org/data.html	category=unrelated
https://www.military.com/military-report/many-tricare-fees-could-change-again-2019.html	category=unrelated
https://www.military.com/military-report/va-issues-new-va-refi-policies.html	category=unrelated
https://www.mottmac.com/united-kingdom	category=unrelated
https://www.nasa.gov/home/How_to_enable_Javascript.html	category=unrelated
https://www.nationalarchives.gov.uk/information-management/re-using-public-sector-information/uk-government-licensing-framework/crown-copyright/	category=unrelated
https://www.nbcboston.com/entertainment/entertainment-news/Rapper-Common-Goes-Back-to-School-to-Help-Teachers-488739901.html	category=unrelated
https://www.nbcboston.com/multimedia/this-is-new-england-the-spark-collective-488015221.html	category=unrelated
https://www.nbcboston.com/on-air/as-seen-on/Finding-a-Safe-Summer-Rental_NECN-488440791.html	category=unrelated
https://www.nbc.com/chicago-fire	category=unrelated
https://www.nbcphiladelphia.com/investigations/NBC-Investigations-429434393.html	category=unrelated
https://www.nbcphiladelphia.com/news/national-international/	category=unrelated
https://www.nbcphiladelphia.com/news/weird/	category=unrelated
https://www.nbcstore.com/?cid=nbc_global_nav_shop	category=unrelated
https://www.necn.com/news/health/	category=unrelated
https://www.necn.com/weather/Weather-New-England-245521811.html	category=unrelated
https://www.nhgis.org/	category=unrelated
https://www.nj.gov/dep/about.html	category=related
https://www.nj.gov/drbc/hydrological/flood/	category=related
https://www.nj.gov/nj/legal.html	category=unrelated
https://www.nj.gov/nj/privacy.html	category=unrelated
https://www.njparksandforests.org/stand-blind_policy.htm	category=unrelated
https://www.njportal.com/DEP/NJOutdoors/	category=unrelated
https://www.njportal.com/DEP/NJOutdoors	category=unrelated
https://www.nlm.nih.gov/hsrinfo/datasites.html	category=unrelated
https://www.nlm.nih.gov/hsrinfo/informatics.html	category=unrelated
https://www.nlsinfo.org/privacy-policy	category=unrelated
https://www.nola.com/300/	category=unrelated
https://www.nolamediagroup.com/creative-services/	category=unrelated
https://www.nolamediagroup.com/solutions/classified-advertising/	category=unrelated
https://www.nolamediagroup.com/solutions/classified-advertising/classified-advertising-autos/	category=unrelated
https://www.nolamediagroup.com/who-we-serve/	category=unrelated
https://www.nytimes.com/crosswords	category=unrelated
https://www.nytimes.com/section/arts/television	category=unrelated
https://www.nytimes.com/section/opinion/editorials	category=unrelated
https://www.ordnancesurvey.co.uk/about/index.html	category=unrelated
https://www.ordnancesurvey.co.uk/about/media-centre/index.html	category=unrelated
https://www.ordnancesurvey.co.uk/business-and-government/case-studies/dundee-city-council-managing-flood-risk.html	category=unrelated
https://www.ordnancesurvey.co.uk/business-and-government/commercial/retail/index.html	category=unrelated
https://www.ordnancesurvey.co.uk/business-and-government/help-and-support/products/how-to-buy.html	category=unrelated
https://www.ordnancesurvey.co.uk/business-and-government/products/os-ondemand/index.html	category=unrelated
https://www.ordnancesurvey.co.uk/business-and-government/products/os-open-rivers.html	category=data
https://www.ordnancesurvey.co.uk/business-and-government/public-sector/mapping-agreements/getting-started.html	category=unrelated
https://www.ordnancesurvey.co.uk/	category=unrelated
https://www.ordnancesurvey.co.uk/education/using-os-data.html	category=unrelated
https://www.ordnancesurvey.co.uk/resources/historical-map-resources/index.html	category=unrelated
https://www.ordnancesurvey.co.uk/resources/maps-and-geographic-resources/index.html	category=unrelated
https://www.ordnancesurvey.co.uk/resources/property-boundaries-owners.html	category=unrelated
https://www.pennfuture.org/climate	category=unrelated
https://www.privacyshield.gov/participant?id=a2zt00000004EspAAE	category=unrelated
https://www.reachhomedelivery.ie/newspapers-magazines/home	category=unrelated
https://www.recreation.gov/marketing.do?goto=acm/Explore_Go_Lists/10-wilderness-backpacking-trips.htm	category=unrelated
https://www.resdac.org/	category=unrelated
https://www.samhsa.gov/data/	category=unrelated
https://www.scar.org/	category=unrelated
https://www.sdsfieonline.org/Home/Index	category=unrelated
https://www.sepa.org.uk/	category=data
https://www.shortcoursesportal.com/countries/1/netherlands.html	category=unrelated
https://www.shortcoursesportal.com/study-options/268451964/hydrology-water-management-netherlands.html	category=unrelated
https://www.sipri.org/about/organization/board	category=unrelated
https://www.sipri.org/about/privacy	category=unrelated
https://www.sipri.org/about/terms-and-conditions	category=unrelated
https://www.sipri.org/about/vacancies	category=unrelated
https://www.sipri.org/commentary/backgrounders	category=unrelated
https://www.sipri.org/commentary	category=unrelated
https://www.sipri.org/commentary/expert-comments	category=unrelated
https://www.sipri.org/databases/milex	category=unrelated
https://www.sipri.org/databases/milex/frequently-asked-questions	category=unrelated
https://www.sipri.org/databases/milex/sources-and-methods	category=unrelated
https://www.sipri.org/databases/regional-coverage	category=unrelated
https://www.sipri.org/media/newsletter	category=unrelated
https://www.sipri.org/media/pressreleases	category=unrelated
https://www.sipri.org/news	category=unrelated
https://www.sipri.org/research/armament-and-disarmament	category=unrelated
https://www.sipri.org/research/armament-and-disarmament/disarmament-arms-control-and-non-proliferation	category=unrelated
https://www.sipri.org/research/armament-and-disarmament/dual-use-and-arms-trade-control	category=unrelated
https://www.sipri.org/research/armament-and-disarmament/emerging-military-and-security-technologies	category=unrelated
https://www.sipri.org/research	category=unrelated
https://www.sipri.org/research/conflict-and-peace	category=unrelated
https://www.sipri.org/research/conflict-and-peace/peace-operations-and-conflict-management	category=unrelated
https://www.sipri.org/research/conflict-and-peace/transport-and-security	category=unrelated
https://www.sipri.org/research/peace-and-development	category=unrelated
https://www.sipri.org/research/peace-and-development/climate-change-and-risk	category=unrelated
https://www.sipri.org/yearbook/2018	category=unrelated
https://www.sipri.org/yearbook	category=unrelated
https://www.skiline.cc/imprint/en	category=unrelated
https://www.skiwelt.at/en/autumn-family-special-kids-until-15-free.html	category=unrelated
https://www.skiwelt.at/en/by-air.html	category=unrelated
https://www.skiwelt.at/en/getting-here-train.html	category=unrelated
https://www.skiwelt.at/en/paragliding-tariffs-summer.html	category=unrelated
https://www.skiwelt.at/en/the-huts-and-mountain-restaurants-at-itter.html	category=unrelated
https://www.soil-journal.net/	category=unrelated
https://www.solid-earth.net/	category=unrelated
https://www.ssec.wisc.edu/~billh/visad.html	category=unrelated
https://www.standard.co.uk/	category=unrelated
https://www.standard.co.uk/go/london/good-for/on-a-budget	category=unrelated
https://www.standard.co.uk/homesandproperty	category=unrelated
https://www.statcompiler.com/en/	category=unrelated
https://www.statcompiler.com/en/index.html	category=unrelated
https://www.state.nj.us/dep/parksandforests/fire/index.html	category=unrelated
https://www.state.nj.us/drbc/basin/	category=related
https://www.state.nj.us/drbc/hydrological/flood/	category=related
https://www.state.nj.us/drbc/hydrological/river/nws-links.html	category=data
https://www.state.nj.us/drbc/meetings/	category=related
https://www.state.nj.us/drbc/sitemap_a2z.html	category=related
https://www.tceq.texas.gov/agency/data/lookup-data/download-data.html	category=data
https://www.tceq.texas.gov/agency/data/maps.html	category=unrelated
https://www.telemundo62.com/	category=related
https://www.telemundonuevainglaterra.com	category=unrelated
https://www.telemundonuevainglaterra.com/entretenimiento/acceso-total/Con-ahorros-asi-cualquiera-madruga-488144441.html	category=unrelated
https://www.telemundonuevainglaterra.com/entretenimiento/acceso-total/Muevete-libremente-por-el-mundo-y-por-tu-casa-sin-desconectarte_New-York-488319091.html	category=unrelated
https://www.thevow.ie/honeymoons/	category=unrelated
https://www.thevow.ie/real-weddings/your-big-day/real-wedding-terry-and-drews-intimate-destination-wedding-at-kinnitty-castle-37066264.html	category=unrelated
https://www.tidesandcurrents.noaa.gov/noaatidepredictions.html?id=9761115	category=data
https://www.tidesandcurrents.noaa.gov/stationhome.html?id=9761115	category=data
https://www.tokyo-airport-bldg.co.jp/en/	category=related
https://www.transportation.gov/web-policies	category=unrelated
https://www.unece.org/env/pp/contentofaarhus.html	category=unrelated
https://www.unicef.org	category=unrelated
https://www.usbr.gov/environmental/	category=related
https://www.usbr.gov/lc/	category=data
https://www.usbr.gov/lc/region/g4000/riverops/BcooDataExplorer.html	category=related
https://www.usbr.gov/lc/siteindx.html	category=data
https://www.usbr.gov/main/agrihydro.html	category=related
https://www.usbr.gov/newsroom/testimony/	category=related
https://www.usbr.gov/pn/agrimet/wxdata.html	category=data
https://www.uspto.gov/trademark/laws-regulations	category=unrelated
https://www.vacareers.va.gov/	category=unrelated
https://www.va.gov/vetdata/	category=unrelated
https://www.waldwissen.net/datenschutz_EN	category=unrelated
https://www.washingtonpost.com/news/capital-weather-gang/wp/2017/08/27/texas-flood-disaster-harvey-has-unloaded-9-trillion-tons-of-water/?utm_term=.83ffa9163802	category=unrelated
https://www.waterinfo.be/	category=data
https://www.waterqualitydata.us/	category=related
https://www.waterqualitydata.us/contact_us/	category=related
https://www.waterqualitydata.us/other_portal_links/	category=related
https://www.waterqualitydata.us/portal/	category=related
https://www.wcrp-climate.org	category=unrelated
https://www.weather.gov/international/	category=related
https://www.weather.gov/lix/marine	category=related
https://www.weather.gov/safety/airquality	category=related
https://www.weather.gov/safety/beachhazards	category=related
https://www.weather.gov/safety/cold	category=related
https://www.weather.gov/safety/drought	category=related
https://www.weather.gov/safety/fog	category=related
https://www.weather.gov/safety/hurricane	category=related
https://www.weather.gov/safety/lightning	category=related
https://www.weather.gov/safety/ripcurrent	category=related
https://www.weather.gov/safety/space	category=related
https://www.weather.gov/safety/thunderstorm	category=related
https://www.weather.gov/safety/tsunami	category=related
https://www.weather.gov/safety/wind	category=related
https://www.weather.gov/safety/winter	category=related
https://www.weather.gov/TsunamiReady/	category=related
https://www.whiterisk.ch/en/	category=unrelated
https://www.windriver.com/customers/	category=unrelated
https://www.youtube.com/c/ChiHackNight	category=unrelated
https://www.youtube.com/user/OSMapping	category=unrelated
https://www.youtube.com/user/reclamation	category=unrelated
https://www.youtube.com/watch?v=5arnx9eaOcs	category=unrelated
http://tenevia.com/en/accueil.html	category=unrelated
http://tenevia.com/en/article/tenevia-participates-at-the-wmo-innovation-in-hydrometry-workshop-138.html	category=unrelated
http://tenevia.com/en/societe.html	category=unrelated
http://tetrapods.org/news/fieldwork/home.html	category=unrelated
http://tetrapods.org/principal-investigators/university-of-leicester.html	category=unrelated
http://tools.bcsc-scc.org/BC5yearRisk/	category=unrelated
http://transportation.libanswers.com/	category=unrelated
http://transportation.libanswers.com	category=unrelated
http://visuals.sipri.org	category=unrelated
http://water.noaa.gov/	category=related
http://waterplan.state.wy.us	category=related
http://welcome.dukechronicle.com	category=unrelated
http://wetlandswatch.org/sea-level-rise-phone-app/	category=unrelated
http://wires.wiley.com/WileyCDA/WiresArticle/wisId-WAT21209.html	category=unrelated
http://worldweather.wmo.int/en/home.html	category=related
http://www.24thstreetanimalclinic.com/dentistry.html	category=unrelated
http://www.24thstreetanimalclinic.com/links.html	category=unrelated
http://www.24thstreetanimalclinic.com/protecting-your-pet-from-ticks.html	category=unrelated
http://www.24thstreetanimalclinic.com/receptionists.html	category=unrelated
http://www.24thstreetanimalclinic.com/wellness-exams.html	category=unrelated
http://www2.gnb.ca/content/gnb/en.html	category=unrelated
http://www.allaboutcookies.org/faqs/beacons.html	category=unrelated
http://www.arso.gov.si/en/	category=related
http://www.arso.gov.si/en/water/data/	category=data
http://www.arso.gov.si/en/water/reports%20and%20publications/	category=data
http://www.arso.gov.si/en/Weather/	category=related
http://www.astho.org/Programs/Health-Equity/Minority-Health-Survey/2014/State-Snapshots/Map/	category=unrelated
http://www.bahraininternationalairshow.com	category=unrelated
http://www.bclaws.ca/EPLibraries/bclaws_new/document/ID/freeside/03026_00	category=unrelated
http://www.bcsc-research.org/data/	category=unrelated
http://www.bcsc-research.org/data/variables/index.html	category=unrelated
http://www.bgs.ac.uk/contacts/staff.html?src=topNav	category=related
http://www.bgs.ac.uk/research/highlights/2016/gwaterFloodFeb.html	category=related
http://www.bgs.ac.uk/services/services_for_you/home.html?src=topNav	category=related
http://www.bigcitieshealth.org/contact-1/	category=unrelated
http://www.bom.gov.au/	category=related
http://www.bom.gov.au/general/development/visad/MapDemo.shtml	category=related
http://www.bom.gov.au/nsw/warnings/index.shtml?ref=hdr	category=related
http://www.brightfrontgroup.com/	category=unrelated
http://www.britgeothermal.org/events/home.html	category=unrelated
http://www.britgeothermal.org/research/global.html	category=unrelated
http://www.burnabyvillagemuseum.ca/EN/main/our-village.html	category=unrelated
http://www.cannor.gc.ca/eng/1351104567432/1351104589057	category=unrelated
http://www.careerperfect.com/services/resume-writing/?cpp1=military&src=career-advice-lp_rw-bx_01.2014	category=unrelated
http://www.catalystcouncil.org/	category=related
http://www.catalystcouncil.org/connection/	category=related
http://www.catalystcouncil.org/mission/	category=related
http://www.cbsa-asfc.gc.ca/menu-eng.html	category=unrelated
http://www.cbsa.gc.ca/prog/nexus/menu-eng.html	category=unrelated
http://www.ccbn-nbc.gc.ca/en/	category=unrelated
http://www.ccc.ca/en	category=unrelated
http://www.cgi-iugs.org/?src=topNav	category=unrelated
http://www.civhc.org/2018/07/16/imaging-prices-now-available-online-from-the-co-all-payer-claims-database/	category=unrelated
http://www.cnrs.fr	category=unrelated
http://www.comet-initiative.org/contactus	category=unrelated
http://www.comet-initiative.org/studies/details/1181	category=unrelated
http://www.connectright.org.uk/	category=unrelated
http://www.conservationgis.org/links/califpaper1.html	category=unrelated
http://www.countygp.ab.ca/EN/main/community/maps-gis/public-web-map.html	category=unrelated
http://www.cozitv.com/shows/Alias-Smith--Jones-408903605.html	category=unrelated
http://www.cozitv.com/shows/Cozi-The-Alfred-Hitchcock-Hour-467010093.html	category=unrelated
http://www.cozitv.com/video/?videoId=486715461	category=unrelated
http://www.cozitv.com/video/?videoId=486715481	category=unrelated
http://www.cpc.ncep.noaa.gov/products/monitoring_and_data/	category=data
http://www.cpc.ncep.noaa.gov/products/OUTLOOKS_index.shtml	category=related
http://www.cppib.com/en/	category=unrelated
http://www.cuesta-consulting.com/	category=unrelated
http://www.cut.ac.cy	category=unrelated
http://www.data4sdgs.org/	category=unrelated
http://www.data.jma.go.jp/fcd/yoho/data/kouon/index_en.html	category=related
http://www.data.jma.go.jp/gmd/env/uvhp/en/uvindex.html	category=related
http://www.data.jma.go.jp/mscweb/en/operation8/index.html	category=related
http://www.denvergov.org/content/denvergov/en/environmental-health.html	category=unrelated
http://www.denverptc.org/Consultation.html	category=unrelated
http://www.deq.state.mi.us/pubcenter/	category=unrelated
http://www.dfo-mpo.gc.ca/contact/emergency-urgence-eng.htm	category=unrelated
http://www.digip.org/jansson/	category=unrelated
http://www.dirum.org/newsitems/details/35	category=unrelated
http://www.dodig.mil	category=unrelated
http://www.eclaire-fp7.eu/	category=unrelated
http://www.edexlive.com/	category=unrelated
http://www.elections.ca/home.aspx	category=unrelated
http://www.emr.gov.yk.ca/mining/hardrockmining.html	category=unrelated
http://www.emr.gov.yk.ca/mining/index.html	category=unrelated
http://www.emr.gov.yk.ca/mining/mapsdatapubs.html	category=unrelated
http://www.emr.gov.yk.ca/mining/quarrying_dredging.html	category=unrelated
http://www.env.gov.bc.ca/wsd/plan_protect_sustain/groundwater/library.html	category=unrelated
http://www.environment.alberta.ca/apps/basins/default.aspx	category=related
http://www.epa.ie/footer/a-zglossaryofenvironmentalterms/	category=related
http://www.epa.ie/irelandsenvironment/	category=related
http://www.epa.ie/pubs/advice/ea/seaspatialinfomationsourcesmarch2018.html	category=unrelated
http://www.epa.ie/pubs/forms/	category=related
http://www.eurare.eu/about.html	category=unrelated
http://www.eurare.eu/?src=topNav	category=unrelated
http://www.feem-web.it/ensembles-rt7/	category=unrelated
http://www.fishcreekwatershed.org/data.html	category=related
http://www.floridahealthfinder.gov/QueryTool/QTResults.aspx?T=I	category=unrelated
http://www.flowbru.be/nl?set_language=nl	category=data
http://www.fz-juelich.de/portal/EN/AboutUs/organizational_structure/ProjectManagement/PTJ/_node.html;jsessionid=F4782C6C523C2346D67ED3DC09082228	category=unrelated
http://www.gaugemap.co.uk/	category=data
http://www.geologicalmaps.net/IrishHistMaps/section.cfc?method=list&series=New	category=unrelated
http://www.geomaticsyukon.ca/news/details/latest-news/2018/07/06/scheduled-maintenance---july-15-service-outage	category=unrelated
http://www.gewex.org/	category=related
http://www.gewex.org/privacy-policy/	category=unrelated
http://www.ghidinelli.com	category=unrelated
http://www.globcolour.info/calendar.html	category=unrelated
http://www.goldcoastculturalprecinct.info/	category=unrelated
http://www.goldcoast.qld.gov.au/council/community-engagement-219.html	category=unrelated
http://www.goldcoast.qld.gov.au/council/disclosure-log-14794.html	category=unrelated
http://www.gov.yk.ca/	category=unrelated
http://www.groundwateruk.org/	category=unrelated
http://www.healthdata.org/gbd	category=unrelated
http://www.healthdata.org/news-release/ihme-releases-second-annual-report-sustainable-development-goal-indicators	category=unrelated
http://www.hretdisparities.org/Deaf-4201.php	category=unrelated
http://www.hydrometrie.ch/en/hydropro.html	category=unrelated
http://www.hydrometrie.ch/en/recording.html	category=unrelated
http://www.iaga-aiga.org/index.php?id=div5	category=unrelated
http://www.inm.ie/ad-specifications/	category=unrelated
http://www.inm.ie/products/irish-independent/	category=unrelated
http://www.inm.ie/thebookofevidence/	category=unrelated
http://www.inspection.gc.ca/animals/terrestrial-animals/diseases/reportable/rift-valley-fever/fact-sheet/eng/1329685061778/1329685186043	category=unrelated
http://www.inspection.gc.ca/animals/terrestrial-animals/diseases/reportable/trichinellosis/fact-sheet/eng/1330023015817/1330023110684	category=unrelated
http://www.intermagnet.org/data-donnee/data-eng.php	category=unrelated
http://www.ipcc.ch/publications_and_data/publications_and_data_reports.shtml	category=unrelated
http://www.isc.ac.uk/	category=unrelated
http://www.japaneselawtranslation.go.jp/law/detail_main?re=01&vm=02&id=1968	category=unrelated
http://www.jma.go.jp/en/radnowc/index.html?areaCode=000&contentType=2	category=related
http://www.jma.go.jp/jma/en/copyright.html	category=related
http://www.jmbsc.or.jp/en/index-e.html	category=unrelated
http://www.jreast.co.jp/e/index.html	category=unrelated
http://www.jreast.co.jp/e/nex/index.html	category=unrelated
http://www.kgbo-cwc.ap.nic.in/24%20x%207.html	category=related
http://www.kgbo-cwc.ap.nic.in/office%20of%20CE.html	category=related
http://www.legos.obs-mip.fr/en/soa/hydrologie/hydroweb/	category=related
http://www.library.ucla.edu/location/social-science-data-archive	category=unrelated
http://www.ltrr.arizona.edu/~dmeko/geos585a.html	category=unrelated
http://www.lyellcentre.ac.uk/contact.html	category=unrelated
http://www.mae.gov.nl.ca/csp/index.html	category=unrelated
http://www.mae.gov.nl.ca/emp_support/ceep.html	category=unrelated
http://www.mae.gov.nl.ca/emp_support/index.html	category=unrelated
http://www.mae.gov.nl.ca/for/index.html	category=unrelated
http://www.mae.gov.nl.ca/funding/index.html	category=unrelated
http://www.mae.gov.nl.ca/municipal_directory/index.html	category=unrelated
http://www.mae.gov.nl.ca/training/index.html	category=unrelated
http://www.mae.gov.nl.ca/waste_management/index.html	category=unrelated
http://www.mae.gov.nl.ca/waterres/cycle/groundwater/index.html	category=related
http://www.mae.gov.nl.ca/waterres/cycle/hydrologic/dcp.html	category=data
http://www.mae.gov.nl.ca/waterres/cycle/hydrologic/info.html	category=data
http://www.mae.gov.nl.ca/waterres/cycle/index.html	category=data
http://www.mae.gov.nl.ca/waterres/cycle/surfacewater/index.html	category=related
http://www.mae.gov.nl.ca/waterres/datatools/index.html	category=data
http://www.mae.gov.nl.ca/waterres/gis/index.html	category=data
http://www.mae.gov.nl.ca/waterres/portal.html	category=data
http://www.mae.gov.nl.ca/waterres/programs/index.html	category=data
http://www.mae.gov.nl.ca/waterres/quality/index.html	category=related
http://www.mae.gov.nl.ca/waterres/rti/index.html	category=data
http://www.mae.gov.nl.ca/waterres/waste/index.html	category=data
http://www.med.uvm.edu/vbcss/	category=unrelated
http://www.mojavewater.org/silverwood-lake.html	category=data
http://www.mri-jma.go.jp/index_en.html	category=related
http://www.mri-jma.go.jp/Topics/H21/TyphoonWorkshop_Tokyo_20091130-1202/index.html	category=unrelated
http://www.mvp-wc.usace.army.mil/	category=data
http://www.ncedc.org/bdsn/bdsn.overview.html	category=unrelated
http://www.ncedc.org/bk_doi_metadata.html	category=unrelated
http://www.ncedc.org/usgs-gps/	category=unrelated
http://www.nitroeurope.eu/node/1051	category=unrelated
http://www.noaa.gov	category=related
http://www.northeastern.edu/research/about/research-areas/sustainability/	category=unrelated
http://www.nwd-mr.usace.army.mil/rcc/links.html	category=data
http://www.nwd-mr.usace.army.mil/rcc/reports/forecast.html	category=related
http://www.nws.noaa.gov/nwr/	category=related
http://www.nws.noaa.gov/om/hazstats.shtml	category=related
http://www.oag-bvg.gc.ca/internet/English/admin_e_41.html	category=unrelated
http://www.oecd-nea.org/	category=unrelated
http://www.oecd.org/countries/moldova/	category=unrelated
http://www.oecd.org/els/emp/	category=unrelated
http://www.opc.ncep.noaa.gov/marine_areas.php	category=related
http://www.opengeospatial.org/standards	category=unrelated
http://www.pbcchicago.com/projects/	category=unrelated
http://www.personal.psu.edu/cab38/ColorBrewer/ColorBrewer.html	category=unrelated
http://www.ppwb.ca/map/29/index.html	category=related
http://www.prothego.eu/contactUs.html	category=unrelated
http://www.prothego.eu/project.html	category=unrelated
http://www.pureportal.org/?src=topNav	category=unrelated
http://www.qub.ac.uk/schools/NBE/	category=unrelated
http://www.redversconsulting.com/cobol_json_interface.php	category=unrelated
http://www.savebay.org	category=unrelated
http://www.sbh4all.org/resources/quality-improvement-module/	category=unrelated
http://www.sbh4all.org/school-health-care/video-library/	category=unrelated
http://www.sccws.com/water_quality_index.html	category=unrelated
http://www.seabird.com	category=unrelated
http://www.skiline.cc/cookies	category=unrelated
http://www.skiline.cc/forgotPassword	category=unrelated
http://www.srijb.org/jamaica-bay/	category=unrelated
http://www.srijb.org/nys_nnbf/	category=unrelated
http://www.stateclimate.org/journalofserviceclimatology/submit	category=unrelated
http://www.statesperform.org/	category=unrelated
http://www.stringtree.org/stringtree-json.html	category=unrelated
http://www.tellusgb.ac.uk/?src=topNav	category=unrelated
http://www.tokyo-airport-bldg.co.jp/en/	category=unrelated
http://www.tokyometro.jp/en/	category=unrelated
http://www.tokyo-monorail.co.jp/english/	category=unrelated
http://www.tourismburnaby.com/see-and-do/	category=unrelated
http://www.toyokosoku.co.jp/en	category=unrelated
http://www.tpsgc-pwgsc.gc.ca/recgen/cpc-pac/index-eng.html	category=unrelated
http://www.tuuliatlas.fi/en/	category=unrelated
http://www.typhooncommittee.org/	category=unrelated
http://www.ukso.org/?src=topNav	category=unrelated
http://www.vizhealth.org/	category=unrelated
http://www.vizhealth.org/wizard/	category=unrelated
http://www.vohc.org/	category=unrelated
http://www.w3.org/DesignIssues/Fragment.html	category=unrelated
http://www.wardropmineralsmanagement.co.uk/	category=unrelated
http://www.wrds.uwyo.edu/	category=related
http://www.wrds.uwyo.edu/sco/data/data.html	category=data
http://www.wrds.uwyo.edu/wrds/coop.html	category=data
http://www.wrds.uwyo.edu/wrds/nws/nws.html	category=data
http://www.wrightwater.com/public-works.html	category=related
http://www.wwbwc.org/curb-project.html	category=related
http://www.wwbwc.org/gis.html	category=related
http://www.wwbwc.org/gis/whatis.html	category=related
http://www.wwbwc.org/monitoring/weather-stations.html	category=data
http://www.yukonmedicalcouncil.ca/	category=unrelated
http://www.yukonminingrecorder.ca/forms.html	category=unrelated
http://www.yukonplacersecretariat.ca/	category=unrelated
http://www.yukonwaterboard.ca/	category=unrelated
http://xbeach.readthedocs.io/en/latest/xbeach_manual.html	category=unrelated
http://yukon4.maps.arcgis.com/apps/webappviewer/index.html?id=fde154c2332248899bee6875b314078b	category=unrelated
http://yukonwater.ca/	category=related
