https://www.wcrp-climate.org	category=unrelated
https://www.solid-earth.net/	category=unrelated
https://envirodatagov.org/archiving/	category=unrelated
http://www.personal.psu.edu/cab38/ColorBrewer/ColorBrewer.html	category=unrelated
http://www.emr.gov.yk.ca/mining/quarrying_dredging.html	category=unrelated
https://get-information-schools.service.gov.uk/	category=unrelated
https://www.healthypeople.gov/2020/Leading-Health-Indicators	category=unrelated
https://www.recreation.gov/marketing.do?goto=acm/Explore_Go_Lists/10-wilderness-backpacking-trips.htm	category=unrelated
https://secure.cihi.ca/estore/productSeries.htm?pc=PCC140	category=unrelated
https://www.nationalarchives.gov.uk/information-management/re-using-public-sector-information/uk-government-licensing-framework/crown-copyright/	category=unrelated
http://loca.ucsd.edu/	category=related
http://www.feem-web.it/ensembles-rt7/	category=unrelated
https://www.usbr.gov/environmental/	category=related
https://www.huduser.gov/portal/oup/home.html	category=unrelated
http://www.conservationgis.org/links/califpaper1.html	category=unrelated
https://www.io-warnemuende.de/amber.html	category=unrelated
https://www.canada.ca/en/services/taxes/income-tax.html	category=unrelated
https://www.annales-geophysicae.net/	category=unrelated
https://waterservices.usgs.gov/rest/IV-Service.html	category=data
http://www.redversconsulting.com/cobol_json_interface.php	category=unrelated
https://www.advances-in-geosciences.net/	category=unrelated
http://www.britgeothermal.org/research/global.html	category=unrelated
https://www.ordnancesurvey.co.uk/about/index.html	category=unrelated
https://www.canada.ca/en/services/taxes/child-and-family-benefits.html	category=unrelated
http://www.tourismburnaby.com/see-and-do/	category=unrelated
http://www.oecd-nea.org/	category=unrelated
https://waterservices.usgs.gov/rest/GW-Levels-Service.html	category=related
https://www.americanwhitewater.org/	category=related
https://www.cms.gov/Center/Special-Topic/American-Indian-Alaska-Native-Center.html?redirect=/center/ir.asp	category=unrelated
https://www.arcus.org/logistics	category=unrelated
https://www.youtube.com/user/reclamation	category=unrelated
https://disabilitycompendium.org/	category=unrelated
http://www.srijb.org/nys_nnbf/	category=unrelated
http://openlayers.org/en/latest/doc/	category=unrelated
https://www.canada.ca/en/services/jobs/workplace.html	category=unrelated
https://chihacknight.org/projects.html	category=unrelated
https://www.dnr.state.mn.us/events/community-events.html	category=unrelated
http://www.vizhealth.org/	category=unrelated
https://www.nasa.gov/home/How_to_enable_Javascript.html	category=unrelated
https://aspe.hhs.gov/compilation-state-data-affordable-care-act	category=unrelated
https://searisingsolutions.com/	category=unrelated
https://www.canada.ca/en/immigration-refugees-citizenship/services/application.html	category=unrelated
http://denverpublichealth.org/home/health-information-and-reports/data-and-informatics-tools/colorado-health-observation-regional-data-service-chords	category=unrelated
http://www.northeastern.edu/research/about/research-areas/sustainability/	category=unrelated
http://www.ukso.org/?src=topNav	category=unrelated
http://www.cgi-iugs.org/?src=topNav	category=unrelated
http://apps.urban.org/features/children-of-immigrants/	category=unrelated
https://www.state.nj.us/drbc/hydrological/flood/	category=related
http://www.iaga-aiga.org/index.php?id=div5	category=unrelated
http://news.cityofgoldcoast.com.au/contact-us	category=unrelated
http://www.data4sdgs.org/	category=unrelated
http://copernicus.eu/	category=unrelated
https://health.gov	category=unrelated
http://www.inspection.gc.ca/animals/terrestrial-animals/diseases/reportable/rift-valley-fever/fact-sheet/eng/1329685061778/1329685186043	category=unrelated
http://www.ipcc.ch/publications_and_data/publications_and_data_reports.shtml	category=unrelated
https://soundcloud.com/populationreferencebureau	category=unrelated
https://www.canada.ca/en/transparency/terms.html	category=unrelated
http://a816-dohbesp.nyc.gov/IndicatorPublic/MoreInformation.aspx?SubtopicID=4&theme_code=1,4&ColorCode=719b87&TopicName=Environment	category=unrelated
http://www.countygp.ab.ca/EN/main/community/maps-gis/public-web-map.html	category=unrelated
http://tetrapods.org/news/fieldwork/home.html	category=unrelated
https://www.mottmac.com/united-kingdom	category=unrelated
https://ideas.repec.org/a/spr/nathaz/v91y2018i1d10.1007_s11069-017-3125-7.html	category=unrelated
https://www.scar.org/	category=unrelated
http://bcn.boulder.co.us/basin/biblio/index.html	category=unrelated
http://cbp-us.org/trade/automated/getting-started/using-ace-secure-data-portal.html	category=unrelated
https://unstats.un.org/home/	category=unrelated
https://www.ordnancesurvey.co.uk/resources/property-boundaries-owners.html	category=unrelated
http://www.cuesta-consulting.com/	category=unrelated
http://library.stanford.edu/branner	category=unrelated
http://www.eclaire-fp7.eu/	category=unrelated
https://www.ordnancesurvey.co.uk/business-and-government/help-and-support/products/how-to-buy.html	category=unrelated
http://www.healthdata.org/news-release/ihme-releases-second-annual-report-sustainable-development-goal-indicators	category=unrelated
https://www.ann-geophys.net/36/987/2018/angeo-36-987-2018.html	category=unrelated
https://www.statcompiler.com/en/	category=unrelated
https://www.statcompiler.com/en/index.html	category=unrelated
https://www.nlm.nih.gov/hsrinfo/informatics.html	category=unrelated
http://www.britgeothermal.org/events/home.html	category=unrelated
http://www.mae.gov.nl.ca/waste_management/index.html	category=unrelated
http://www.dfo-mpo.gc.ca/contact/emergency-urgence-eng.htm	category=unrelated
http://www.digip.org/jansson/	category=unrelated
http://www.oag-bvg.gc.ca/internet/English/admin_e_41.html	category=unrelated
http://pureportal.org/simpleSearchInstances	category=unrelated
http://www.pureportal.org/?src=topNav	category=unrelated
http://pureportal.org/metadata	category=unrelated
https://www.uspto.gov/trademark/laws-regulations	category=unrelated
http://bcn.boulder.co.us/basin/main/invitation.html	category=unrelated
https://www.samhsa.gov/data/	category=unrelated
http://www.gaugemap.co.uk/	category=data
https://www.acq.osd.mil/eie/Bios.html	category=unrelated
http://www.burnabyvillagemuseum.ca/EN/main/our-village.html	category=unrelated
http://pcastarchive.net/PCAST4/www.usda.gov/wps/portal/usda/usdahome6b56.html?navid=DATA_STATISTICS	category=unrelated
https://www.apcdcouncil.org/frequently-asked-questions	category=unrelated
http://docs.adacore.com/gnatcoll-docs/json.html	category=unrelated
http://od4d.net/	category=unrelated
http://news.cityofgoldcoast.com.au	category=unrelated
https://www.govtrack.us/	category=unrelated
http://www.epa.ie/footer/a-zglossaryofenvironmentalterms/	category=related
http://www.denvergov.org/content/denvergov/en/environmental-health.html	category=unrelated
https://open.med.harvard.edu/project/shrine/	category=unrelated
https://www.nj.gov/nj/legal.html	category=unrelated
https://docs.aws.amazon.com/AmazonCloudWatch/latest/logs/CWL_GettingStarted.html	category=unrelated
http://www.stateclimate.org/journalofserviceclimatology/submit	category=unrelated
https://docs.aws.amazon.com/AmazonCloudWatch/latest/logs/iam-identity-based-access-control-cwl.html	category=unrelated
https://docs.aws.amazon.com/AmazonCloudWatch/latest/logs/auth-and-access-control-cwl.html	category=unrelated
http://www.inspection.gc.ca/animals/terrestrial-animals/diseases/reportable/trichinellosis/fact-sheet/eng/1330023015817/1330023110684	category=unrelated
http://www.ltrr.arizona.edu/~dmeko/geos585a.html	category=unrelated
https://docs.aws.amazon.com/AmazonCloudWatch/latest/logs/cloudwatch-logs-and-interface-VPC.html	category=unrelated
http://climate.udel.edu/	category=related
http://www.hretdisparities.org/Deaf-4201.php	category=unrelated
https://www.sdsfieonline.org/Home/Index	category=unrelated
http://chicagopolicyreview.org/2013/04/01/policy-radio-special-edition-derek-eder-juan-pablo-velez-and-opengov-hackers-on-open-data-and-civic-minded-applications/	category=unrelated
https://www.midatlanticrisa.org/contact.html	category=unrelated
https://www.clim-past.net/12/issue2.html	category=unrelated
https://www.canada.ca/en/government/system.html	category=unrelated
http://postgis.net/	category=unrelated
https://docs.aws.amazon.com/AmazonCloudWatch/latest/logs/CountingLogEventsExample.html	category=unrelated
https://docs.aws.amazon.com/AmazonCloudWatch/latest/logs/iam-access-control-overview-cwl.html	category=unrelated
http://www.srijb.org/jamaica-bay/	category=unrelated
https://www.eeoc.gov/eeoc/statistics/nofear/qanda.cfm	category=unrelated
https://www.ordnancesurvey.co.uk/business-and-government/public-sector/mapping-agreements/getting-started.html	category=unrelated
https://gds.blog.gov.uk/	category=unrelated
http://rpgnextgen.com/index.php?content=json	category=unrelated
https://www.shortcoursesportal.com/study-options/268451964/hydrology-water-management-netherlands.html	category=unrelated
http://www.bigcitieshealth.org/contact-1/	category=unrelated
https://www.lfi.ch/index-en.php	category=unrelated
http://tetrapods.org/principal-investigators/university-of-leicester.html	category=unrelated
https://envirodatagov.org/	category=unrelated
https://docs.aws.amazon.com/AmazonCloudWatch/latest/logs/DeletingMetricFilter.html	category=unrelated
http://www.fz-juelich.de/portal/EN/AboutUs/organizational_structure/ProjectManagement/PTJ/_node.html;jsessionid=F4782C6C523C2346D67ED3DC09082228	category=unrelated
https://docs.aws.amazon.com/AmazonCloudWatch/latest/logs/CreateSubscriptionFilter.html	category=unrelated
https://lobbycanada.gc.ca/eic/site/012.nsf/eng/h_00000.html	category=unrelated
http://www.cbsa.gc.ca/prog/nexus/menu-eng.html	category=unrelated
https://www.canada.ca/en/services/benefits.html	category=unrelated
http://www.w3.org/DesignIssues/Fragment.html	category=unrelated
https://docs.aws.amazon.com/AmazonCloudWatch/latest/logs/ExtractBytesExample.html	category=unrelated
https://www.njparksandforests.org/stand-blind_policy.htm	category=unrelated
http://tools.bcsc-scc.org/BC5yearRisk/	category=unrelated
https://docs.aws.amazon.com/AmazonCloudWatch/latest/logs/FindCountMetric.html	category=unrelated
https://www.ordnancesurvey.co.uk/resources/historical-map-resources/index.html	category=unrelated
https://obamawhitehouse.archives.gov/the-press-office/2016/09/28/joint-statement-ministers	category=unrelated
https://www.youtube.com/user/OSMapping	category=unrelated
https://docs.aws.amazon.com/AmazonCloudWatch/latest/logs/logging_cw_api_calls_cwl.html	category=unrelated
http://www.astho.org/Programs/Health-Equity/Minority-Health-Survey/2014/State-Snapshots/Map/	category=unrelated
https://www.communitycommons.org/contact/	category=unrelated
http://epa.unhyperbolic.org/mirror/www.epa.gov/climate-indicators/frequent-questions-about-climate-change-indicators.html	category=unrelated
http://pslreb-crtefp.gc.ca/index_e.asp	category=unrelated
https://www.canada.ca/en/services/benefits/education.html	category=unrelated
https://nim-lang.org/docs/json.html	category=unrelated
https://doaj.org/	category=unrelated
http://www.savebay.org	category=unrelated
https://docs.aws.amazon.com/AmazonCloudWatch/latest/logs/permissions-reference-cwl.html	category=unrelated
http://www.pbcchicago.com/projects/	category=unrelated
https://docs.aws.amazon.com/AmazonCloudWatch/latest/logs/Working-with-log-groups-and-streams.html	category=unrelated
https://docs.aws.amazon.com/AmazonCloudWatch/latest/logs/CloudWatchLogsConcepts.html	category=unrelated
http://www.med.uvm.edu/vbcss/	category=unrelated
http://www.mae.gov.nl.ca/training/index.html	category=unrelated
http://www.geologicalmaps.net/IrishHistMaps/section.cfc?method=list&series=New	category=unrelated
https://www.ordnancesurvey.co.uk/resources/maps-and-geographic-resources/index.html	category=unrelated
http://www.civhc.org/2018/07/16/imaging-prices-now-available-online-from-the-co-all-payer-claims-database/	category=unrelated
https://chihacknight.org/community.html	category=unrelated
https://docs.aws.amazon.com/AmazonCloudWatch/latest/logs/CrossAccountSubscriptions.html	category=unrelated
https://www.privacyshield.gov/participant?id=a2zt00000004EspAAE	category=unrelated
https://www.canada.ca/en/government/publicservice.html	category=unrelated
http://www.prothego.eu/project.html	category=unrelated
https://www.va.gov/vetdata/	category=unrelated
http://www.elections.ca/home.aspx	category=unrelated
https://fda.opentrials.net/search?page=6	category=unrelated
http://bcn.boulder.co.us/basin/adm/copyright.html	category=unrelated
https://communityhub.esriuk.com/geoxchange/2015/8/7/a-month-of-handy-hints-for-arcgis-users	category=unrelated
http://tenevia.com/en/article/tenevia-participates-at-the-wmo-innovation-in-hydrometry-workshop-138.html	category=unrelated
http://pcastarchive.net/PCAST4/nca2014.globalchange.gov/index.html	category=unrelated
https://fda.opentrials.net/search	category=unrelated
https://docs.aws.amazon.com/AmazonCloudWatch/latest/logs/SubscriptionFilters.html	category=unrelated
https://www.soil-journal.net/	category=unrelated
https://www.canada.ca/en/government/about.html	category=unrelated
https://docs.aws.amazon.com/AmazonCloudWatch/latest/logs/Counting404Responses.html	category=unrelated
https://www.canada.ca/en/immigration-refugees-citizenship/services/canadians.html	category=unrelated
http://sunrisecounty.org/	category=unrelated
https://www.coloradohealthinstitute.org/data	category=unrelated
https://docs.aws.amazon.com/AmazonCloudWatch/latest/logs/GettingSetup_cwl.html	category=unrelated
http://xbeach.readthedocs.io/en/latest/xbeach_manual.html	category=unrelated
https://gis.cancer.gov/	category=unrelated
http://php.net	category=unrelated
http://bcn.boulder.co.us/basin/search/index.html	category=unrelated
http://publichealth.lacounty.gov/tob/reports.htm	category=unrelated
https://docs.aws.amazon.com/AmazonCloudWatch/latest/logs/QuickStartWindows2016.html	category=unrelated
https://www.ssec.wisc.edu/~billh/visad.html	category=unrelated
http://rochesterproject.org/	category=unrelated
https://www.ordnancesurvey.co.uk/business-and-government/products/os-ondemand/index.html	category=unrelated
https://www.flickr.com/photos/usbr/	category=unrelated
http://www.groundwateruk.org/	category=unrelated
https://projects.ands.org.au/policy.php	category=unrelated
https://research.stlouisfed.org/	category=unrelated
https://buyandsell.gc.ca/policy-and-guidelines/standard-acquisition-clauses-and-conditions-manual	category=unrelated
https://www.nlsinfo.org/privacy-policy	category=unrelated
https://www.flickr.com/photos/usepagov	category=unrelated
https://www.flickr.com/photos/thompsonrivers	category=unrelated
http://www.sbh4all.org/resources/quality-improvement-module/	category=unrelated
https://secure.lglforms.com/form_engine/s/pSsqtc9u4WVkEonQbBbU8Q	category=unrelated
https://www.healthypeople.gov/2020/leading-health-indicators/2020-lhi-topics/Oral-Health	category=unrelated
http://www.emr.gov.yk.ca/mining/index.html	category=unrelated
http://www2.gnb.ca/content/gnb/en.html	category=unrelated
https://www.ihs.gov/urban/	category=unrelated
http://www.comet-initiative.org/studies/details/1181	category=unrelated
https://www.ch.ch/en	category=unrelated
https://www.ensi.ch/en/documents/document-category/other-documents/	category=unrelated
http://www.comet-initiative.org/contactus	category=unrelated
http://www.cbsa-asfc.gc.ca/menu-eng.html	category=unrelated
http://api.jquery.com/jQuery.ajax/	category=unrelated
http://www.dodig.mil	category=unrelated
https://www.hydrology-and-earth-system-sciences.net/subscribe_to_alerts.html	category=unrelated
http://www.brightfrontgroup.com/	category=unrelated
https://www150.statcan.gc.ca/n1/en/subjects?MM=1	category=unrelated
https://www.unicef.org	category=unrelated
https://www.ametsoc.org/ams/index.cfm/ams-giving-program/	category=unrelated
https://www.pennfuture.org/climate	category=unrelated
https://www.aviso.altimetry.fr/en/multimedia/education/boardgame.html	category=related
http://bcn.boulder.co.us/basin/adm/contact.html	category=unrelated
https://www.nj.gov/nj/privacy.html	category=unrelated
https://www.hzg.de/public_relations_media/imprint/privacy_policy/index.php.en	category=unrelated
http://www.prothego.eu/contactUs.html	category=unrelated
http://www.tpsgc-pwgsc.gc.ca/recgen/cpc-pac/index-eng.html	category=unrelated
http://www.deq.state.mi.us/pubcenter/	category=unrelated
https://www.njportal.com/DEP/NJOutdoors	category=unrelated
https://www.njportal.com/DEP/NJOutdoors/	category=unrelated
http://proceedings.esri.com/library/userconf/proc17/tech-workshops.html	category=unrelated
http://mi-suddr.com/guide/	category=unrelated
https://publications.copernicus.org	category=unrelated
http://www.gov.yk.ca/	category=unrelated
http://wetlandswatch.org/sea-level-rise-phone-app/	category=unrelated
https://www.federalregister.gov/documents/2007/01/25/E7-1066/final-bulletin-for-agency-good-guidance-practices	category=unrelated
http://www.eurare.eu/?src=topNav	category=unrelated
https://www.unece.org/env/pp/contentofaarhus.html	category=unrelated
https://www.whiterisk.ch/en/	category=unrelated
https://www.state.nj.us/dep/parksandforests/fire/index.html	category=unrelated
http://json.org	category=unrelated
http://json.org/index.html	category=unrelated
https://datastewards.net/	category=unrelated
http://www.library.ucla.edu/location/social-science-data-archive	category=unrelated
http://www.seabird.com	category=unrelated
https://256.makerslocal.org/wiki/index.php/Libdjson	category=unrelated
http://www.cannor.gc.ca/eng/1351104567432/1351104589057	category=unrelated
http://www.mae.gov.nl.ca/municipal_directory/index.html	category=unrelated
https://www.climate.gov/news-features/blogs/enso/cpc%E2%80%99s-new-week-3-4-temperature-and-precipitation-outlook-success-story	category=unrelated
https://www.michigan.gov/cgi/0,4548,7-158-71454-30811--,00.html	category=unrelated
http://www.mae.gov.nl.ca/csp/index.html	category=unrelated
http://od4d.net/about/	category=unrelated
https://www.michigan.gov/cgi/0,4548,7-158-13111---F,00.html	category=related
http://www.sbh4all.org/school-health-care/video-library/	category=unrelated
http://www.ccbn-nbc.gc.ca/en/	category=unrelated
https://www.copernicus.org/data_protection.html	category=unrelated
https://nodejs.org/en/	category=unrelated
http://digimapforcolleges.edina.ac.uk/	category=unrelated
https://epi.grants.cancer.gov/asa24/	category=unrelated
https://www.fhwa.dot.gov/	category=unrelated
https://www.ihs.gov/fdi/	category=unrelated
http://www.oecd.org/els/emp/	category=unrelated
https://www.ordnancesurvey.co.uk/business-and-government/commercial/retail/index.html	category=unrelated
http://www.mae.gov.nl.ca/funding/index.html	category=unrelated
https://www.fcc.gov/health/maps/developers	category=unrelated
https://opendatawatch.com/	category=unrelated
http://www.mae.gov.nl.ca/emp_support/index.html	category=unrelated
https://nashp.org/patient-safety-toolkit/	category=unrelated
https://www.bls.gov/	category=unrelated
https://jgateplus.com/search/login/	category=unrelated
https://www.ordnancesurvey.co.uk/about/media-centre/index.html	category=unrelated
http://hrsonline.isr.umich.edu/index.php	category=unrelated
https://www.cbsa-asfc.gc.ca/travel-voyage/edeclaration-eng.html	category=unrelated
http://www.goldcoastculturalprecinct.info/	category=unrelated
https://www.ihs.gov/dps/index.cfm/publications/	category=unrelated
http://www.yukonplacersecretariat.ca/	category=unrelated
http://www.mae.gov.nl.ca/emp_support/ceep.html	category=unrelated
http://www.eurare.eu/about.html	category=unrelated
http://citec.repec.org/	category=unrelated
http://www.gewex.org/privacy-policy/	category=unrelated
http://www.mae.gov.nl.ca/for/index.html	category=unrelated
http://www.opengeospatial.org/standards	category=unrelated
