http://lilbub.com/bigfund	category=unrelated
https://www.telemundo62.com/	category=related
https://www.reachhomedelivery.ie/newspapers-magazines/home	category=unrelated
https://www.necn.com/weather/Weather-New-England-245521811.html	category=unrelated
https://www.nytimes.com/crosswords	category=unrelated
https://www.youtube.com/watch?v=5arnx9eaOcs	category=unrelated
https://www.nbcboston.com/multimedia/this-is-new-england-the-spark-collective-488015221.html	category=unrelated
http://www.allaboutcookies.org/faqs/beacons.html	category=unrelated
http://bublog.tumblr.com/	category=unrelated
https://www.inc.com/video	category=unrelated
https://www.telemundonuevainglaterra.com	category=unrelated
https://www.independent.co.uk/author/shappi-khorsandi	category=unrelated
https://www.bls.gov/ooh/legal/paralegals-and-legal-assistants.htm	category=unrelated
http://julieklausner.tumblr.com/tagged/difficult-people	category=unrelated
https://mcciservices.newscyclecloud.com/cgi-bin/cmo_mcc-c-cmdb-est-01.sh/custservice/web/contact.html?stateInfo=aaccWdbcaHjldlsk3248%7C1&source=external	category=unrelated
https://www.nbc.com/chicago-fire	category=unrelated
https://www.nbcphiladelphia.com/news/national-international/	category=unrelated
http://lilbub.com/about	category=unrelated
http://www.data.jma.go.jp/fcd/yoho/data/kouon/index_en.html	category=related
https://listings.thevow.ie/venues/coolbawn-quay	category=unrelated
http://julieklausner.tumblr.com/tagged/rhonyc	category=unrelated
https://itunes.apple.com/ie/podcast/the-throw-in/id1124002318?mt=2	category=unrelated
http://www.inm.ie/products/irish-independent/	category=unrelated
https://www.nolamediagroup.com/creative-services/	category=unrelated
https://www.sipri.org/about/terms-and-conditions	category=unrelated
https://www.military.com/military-report/many-tricare-fees-could-change-again-2019.html	category=unrelated
http://www.24thstreetanimalclinic.com/dentistry.html	category=unrelated
https://www.skiwelt.at/en/by-air.html	category=unrelated
https://www.independent.ie/podcasts/the-floating-voter/	category=unrelated
https://www.skiwelt.at/en/the-huts-and-mountain-restaurants-at-itter.html	category=unrelated
https://www.cnbc.com/video/2018/07/23/trump-warns-iran-in-late-night-tweet.html	category=unrelated
https://www.google.com/forms/about/?utm_source=product&utm_medium=forms_logo&utm_campaign=forms	category=unrelated
http://lilbub.com/news	category=unrelated
https://www.necn.com/news/health/	category=unrelated
http://www.cozitv.com/video/?videoId=486715481	category=unrelated
https://www.bls.gov/ooh/transportation-and-material-moving/taxi-drivers-and-chauffeurs.htm	category=unrelated
https://www.sipri.org/about/privacy	category=unrelated
https://www.nbcboston.com/on-air/as-seen-on/Finding-a-Safe-Summer-Rental_NECN-488440791.html	category=unrelated
https://mcciservices.newscyclecloud.com/cgi-bin/cmo_mcc-c-cmdb-est-01.sh/custservice/web/registration.html?stateInfo=aaccWdbcaHjldlsk3248%7C1	category=unrelated
https://www.sipri.org/yearbook/2018	category=unrelated
https://www.telemundonuevainglaterra.com/entretenimiento/acceso-total/Muevete-libremente-por-el-mundo-y-por-tu-casa-sin-desconectarte_New-York-488319091.html	category=unrelated
http://www.skiline.cc/forgotPassword	category=unrelated
http://julieklausner.tumblr.com/tagged/idcayb	category=unrelated
https://www.standard.co.uk/go/london/good-for/on-a-budget	category=unrelated
https://www.cnbc.com/video/2018/07/23/nike-adjusting-salaries-for-over-7000-employees.html	category=unrelated
https://www.military.com/military-report/va-issues-new-va-refi-policies.html	category=unrelated
https://www.nbcphiladelphia.com/news/weird/	category=unrelated
https://www.nolamediagroup.com/solutions/classified-advertising/	category=unrelated
https://www.iacea.com/members/canada	category=unrelated
http://julieklausner.tumblr.com/tagged/shows	category=unrelated
http://www.cozitv.com/shows/Alias-Smith--Jones-408903605.html	category=unrelated
https://www.independent.ie/entertainment/banter/cute/	category=unrelated
https://www.nolamediagroup.com/who-we-serve/	category=unrelated
https://www.thevow.ie/honeymoons/	category=unrelated
https://www.cnbc.com/video/2018/07/24/this-day-in-history-july-24-2018.html	category=unrelated
https://www.skiwelt.at/en/getting-here-train.html	category=unrelated
https://www.iacea.com/members/australia	category=unrelated
https://www.carsireland.ie/reviews/ford	category=unrelated
http://www.cozitv.com/shows/Cozi-The-Alfred-Hitchcock-Hour-467010093.html	category=unrelated
https://www.bls.gov/ooh/arts-and-design/graphic-designers.htm	category=unrelated
https://www.telemundonuevainglaterra.com/entretenimiento/acceso-total/Con-ahorros-asi-cualquiera-madruga-488144441.html	category=unrelated
https://www.carsireland.ie/reviews/skoda	category=unrelated
https://www.nbcphiladelphia.com/investigations/NBC-Investigations-429434393.html	category=unrelated
https://www.standard.co.uk/homesandproperty	category=unrelated
https://www.cnbc.com/video/2018/07/24/cnbc-international-premarket-briefing-july-24-2018.html	category=unrelated
https://www.homesandproperty.co.uk/property-news/plan-for-affordable-homes-at-controversial-chelsea-barracks-development-a122316.html	category=unrelated
https://www.nytimes.com/section/arts/television	category=unrelated
https://edition.cnn.com/travel/play	category=unrelated
https://www.jma.go.jp/en/kosafcst/	category=related
https://www.skiwelt.at/en/paragliding-tariffs-summer.html	category=unrelated
https://www.independent.ie/business/world/	category=unrelated
https://www.aljazeera.com/podcasts/	category=unrelated
https://www.bls.gov/opub/ted/	category=unrelated
https://www.nolamediagroup.com/solutions/classified-advertising/classified-advertising-autos/	category=unrelated
https://www.skiwelt.at/en/autumn-family-special-kids-until-15-free.html	category=unrelated
https://www.sipri.org/databases/regional-coverage	category=unrelated
https://www.nola.com/300/	category=unrelated
http://www.24thstreetanimalclinic.com/receptionists.html	category=unrelated
https://www.carsireland.ie/reviews/volkswagen	category=unrelated
https://www.independent.ie/world-news/north-america/president-trump/in-pictures-protesters-flood-us-cities-in-their-thousands-to-fight-trump-immigration-policy-37068197.html	category=unrelated
http://www.inm.ie/ad-specifications/	category=unrelated
https://www.standard.co.uk/	category=unrelated
https://www.businesswire.com/portal/site/home/news/	category=unrelated
https://plus.google.com/+youtube	category=unrelated
http://julieklausner.tumblr.com/post/295946409/who	category=unrelated
https://www.iacea.com/members/belgium	category=unrelated
https://www.sipri.org/about/vacancies	category=unrelated
https://www.iacea.com/handbook	category=unrelated
https://www.mcclatchyreprints.com/../services/e-prints/	category=unrelated
https://www.homesandproperty.co.uk	category=unrelated
https://www.iacea.com/members	category=unrelated
http://julieklausner.tumblr.com/tagged/photos	category=unrelated
https://www.thevow.ie/real-weddings/your-big-day/real-wedding-terry-and-drews-intimate-destination-wedding-at-kinnitty-castle-37066264.html	category=unrelated
http://www.cozitv.com/video/?videoId=486715461	category=unrelated
http://www.24thstreetanimalclinic.com/wellness-exams.html	category=unrelated
https://accounts.google.com/ServiceLogin?continue=https%3A%2F%2Fwww.youtube.com%2Fsignin%3Fnext%3D%252Fchannel%252FUCLzF_Udq-XkTgTRYjCbLq5A%26feature%3Dplaylist%26action_handle_signin%3Dtrue%26app%3Ddesktop%26hl%3Den&passive=true&uilel=3&hl=en&service=youtube	category=unrelated
https://www.nytimes.com/section/opinion/editorials	category=unrelated
https://www.nbcboston.com/entertainment/entertainment-news/Rapper-Common-Goes-Back-to-School-to-Help-Teachers-488739901.html	category=unrelated
http://www.inm.ie/thebookofevidence/	category=unrelated
