https://twitter.com/TRULibrary	category=unrelated
http://publichealth.lacounty.gov/tob/reports.htm	category=unrelated
http://www.vizhealth.org/wizard/	category=unrelated
https://docs.3di.lizard.net/en/stable/d_rasters.html	category=unrelated
http://www.northeastern.edu/research/about/research-areas/sustainability/	category=unrelated
https://www.usbr.gov/lc/	category=data
https://www.vacareers.va.gov/	category=unrelated
http://www.emr.gov.yk.ca/mining/hardrockmining.html	category=unrelated
http://www.cppib.com/en/	category=unrelated
http://lcrpc.org/lincoln-county-towns/town-of-edgecomb-maine	category=unrelated
http://www.stringtree.org/stringtree-json.html	category=unrelated
https://www.nj.gov/dep/about.html	category=related
http://www.goldcoast.qld.gov.au/council/community-engagement-219.html	category=unrelated
http://international.gc.ca/world-monde/index.aspx?lang=eng	category=related
http://php.net	category=unrelated
https://ww2.mathworks.cn/company.html?s_tid=hp_ff_a_company	category=unrelated
https://www.ordnancesurvey.co.uk/education/using-os-data.html	category=unrelated
https://ww2.mathworks.cn	category=unrelated
http://www.cut.ac.cy	category=unrelated
https://www.dnr.state.mn.us/walkin/index.html	category=unrelated
http://nsidc.org/data/search/	category=data
http://www.gewex.org/	category=related
https://www.shortcoursesportal.com/countries/1/netherlands.html	category=unrelated
http://www.edexlive.com/	category=unrelated
https://governmentofbc.maps.arcgis.com/apps/MapSeries/index.html?appid=838d533d8062411c820eef50b08f7ebc	category=data
https://docs.aws.amazon.com/AmazonCloudWatch/latest/logs/CWL_GettingStarted.html	category=unrelated
https://nces.ed.gov/FCSM/index.asp	category=unrelated
http://yukon4.maps.arcgis.com/apps/webappviewer/index.html?id=fde154c2332248899bee6875b314078b	category=unrelated
https://nationalmap.gov/small_scale/infodocs/webservices.html	category=unrelated
https://www.ordnancesurvey.co.uk/	category=unrelated
http://www.bclaws.ca/EPLibraries/bclaws_new/document/ID/freeside/03026_00	category=unrelated
http://www.mae.gov.nl.ca/funding/index.html	category=unrelated
https://docs.aws.amazon.com/AmazonCloudWatch/latest/logs/FindCountMetric.html	category=unrelated
https://www.dnr.state.mn.us/lakefind/index.html	category=related
https://creativecommons.org/licenses/by/3.0/	category=unrelated
http://www.cnrs.fr	category=unrelated
https://www.usbr.gov/newsroom/testimony/	category=related
https://librarynews.inside.tru.ca/2018/04/13/de-stress-in-the-stress-free-zone/	category=unrelated
https://4326.us/esri/conda-uc/	category=unrelated
http://www.wardropmineralsmanagement.co.uk/	category=unrelated
http://www.geomaticsyukon.ca/news/details/latest-news/2018/07/06/scheduled-maintenance---july-15-service-outage	category=unrelated
http://www.ghidinelli.com	category=unrelated
https://plus.google.com/+esriuk/posts	category=unrelated
https://www.windriver.com/customers/	category=unrelated
https://publichealthonline.gwu.edu/blog/sources-for-climate-news/	category=unrelated
https://www.nlsinfo.org/privacy-policy	category=unrelated
https://www.youtube.com/c/ChiHackNight	category=unrelated
https://www.washingtonpost.com/news/capital-weather-gang/wp/2017/08/27/texas-flood-disaster-harvey-has-unloaded-9-trillion-tons-of-water/?utm_term=.83ffa9163802	category=unrelated
https://www.unece.org/env/pp/contentofaarhus.html	category=unrelated
http://ecolex.am/am/	category=unrelated
https://www.waldwissen.net/datenschutz_EN	category=unrelated
https://tidesandcurrents.noaa.gov/nowcoast.html	category=data
https://okfn.org/privacy-policy/	category=unrelated
http://focusonfloods.org/flood-history	category=related
https://www.ordnancesurvey.co.uk/business-and-government/products/os-open-rivers.html	category=data
https://envirodatagov.org/archiving/	category=unrelated
https://get-information-schools.service.gov.uk/	category=unrelated
https://slideblast.com/a-dynamic-graphical-interface-for-visualizing-glerls-noaa_5947d0561723ddd1cdfa1251.html	category=unrelated
http://tenevia.com/en/accueil.html	category=unrelated
http://www.qub.ac.uk/schools/NBE/	category=unrelated
https://jquery.com/browser-support/	category=unrelated
http://www.lyellcentre.ac.uk/contact.html	category=unrelated
https://www.aviso.altimetry.fr/en/applications/hydrology-and-land.html	category=data
http://www.dirum.org/newsitems/details/35	category=unrelated
http://climat.meteo.gc.ca/historical_data/search_historic_data_e.html	category=unrelated
http://json.org	category=unrelated
http://mi-suddr.com/	category=unrelated
https://www.informatica.com/solutions/industry-solutions/healthcare/data-governance-for-healthcare.html	category=unrelated
https://www.canada.ca/en/services/business/trade.html	category=unrelated
https://www.communitycommons.org/2018/07/texas-clinics-busting-traditional-silos-of-mental-and-physical-health-care/	category=unrelated
https://ams.confex.com/ams/97Annual/webprogram/Paper309644.html	category=unrelated
https://apecs.is/events/past-event-highlights/event-highlights-2018/polar-2018.html	category=unrelated
https://www.advances-in-geosciences.net/	category=unrelated
http://www.ccc.ca/en	category=unrelated
https://www.waterqualitydata.us/	category=related
https://www.canada.ca/en/services/taxes/income-tax.html	category=unrelated
http://www.iaga-aiga.org/index.php?id=div5	category=unrelated
http://www.flowbru.be/nl?set_language=nl	category=data
http://www.bgs.ac.uk/research/highlights/2016/gwaterFloodFeb.html	category=related
https://www.dnr.state.mn.us/recreation/index.html	category=unrelated
https://www.climate.gov/enso	category=unrelated
https://www.apcdcouncil.org/frequently-asked-questions	category=unrelated
https://www.transportation.gov/web-policies	category=unrelated
https://www.govtrack.us/	category=unrelated
https://nc.water.usgs.gov/realtime/real_time_north_carolina.html	category=data
https://www.colorado.gov/pacific/cdphe/data-topic	category=unrelated
http://www.goldcoast.qld.gov.au/council/disclosure-log-14794.html	category=unrelated
https://cimis.water.ca.gov/	category=data
https://www.dnr.state.mn.us/safety/boatwater/index.html	category=unrelated
http://www.epa.ie/irelandsenvironment/	category=related
https://www.canada.ca/en/services/taxes/business-number.html	category=unrelated
https://www.resdac.org/	category=unrelated
http://www.nitroeurope.eu/node/1051	category=unrelated
https://docs.aws.amazon.com/AmazonCloudWatch/latest/logs/AgentReference.html	category=unrelated
https://ensr.com/	category=unrelated
http://recwowe.vitamib.com/publications-1	category=unrelated
http://www.denverptc.org/Consultation.html	category=unrelated
https://www.usbr.gov/lc/siteindx.html	category=data
http://docs.godotengine.org/en/stable/	category=unrelated
https://support.mozilla.org/en-US/products/firefox	category=unrelated
