http://aa.usno.navy.mil/data/docs/RS_OneDay.php	category=unrelated
http://esimedia.co.uk/privacy-policy/	category=unrelated
http://mag.ncep.noaa.gov/	category=related
http://media.bom.gov.au/releases/513/bureau-of-meteorology-statement-on-proposed-enterprise-agreement-and-protected-industrial-action/	category=related
http://mobile.weather.gov/index.php?lat=29.9546&lon=-90.0751&unit=0&lg=english	category=related
http://rvrn.org/2013/04/2012-annual-report/	category=unrelated
http://rvrn.org/2016/04/annual-report-2015/	category=unrelated
http://severe.worldweather.wmo.int/	category=related
http://visuals.sipri.org	category=unrelated
http://water.noaa.gov/	category=related
http://welcome.dukechronicle.com	category=unrelated
http://worldweather.wmo.int/en/home.html	category=related
http://www.24thstreetanimalclinic.com/links.html	category=unrelated
http://www.24thstreetanimalclinic.com/protecting-your-pet-from-ticks.html	category=unrelated
http://www.bahraininternationalairshow.com	category=unrelated
http://www.catalystcouncil.org/	category=related
http://www.catalystcouncil.org/connection/	category=related
http://www.catalystcouncil.org/mission/	category=related
http://www.cpc.ncep.noaa.gov/products/monitoring_and_data/	category=data
http://www.cpc.ncep.noaa.gov/products/OUTLOOKS_index.shtml	category=related
http://www.data.jma.go.jp/fcd/yoho/data/kouon/index_en.html	category=related
http://www.data.jma.go.jp/gmd/env/uvhp/en/uvindex.html	category=related
http://www.data.jma.go.jp/mscweb/en/operation8/index.html	category=related
http://www.isc.ac.uk/	category=unrelated
http://www.japaneselawtranslation.go.jp/law/detail_main?re=01&vm=02&id=1968	category=unrelated
http://www.jma.go.jp/en/radnowc/index.html?areaCode=000&contentType=2	category=related
http://www.jma.go.jp/jma/en/copyright.html	category=related
http://www.jmbsc.or.jp/en/index-e.html	category=unrelated
http://www.jreast.co.jp/e/index.html	category=unrelated
http://www.jreast.co.jp/e/nex/index.html	category=unrelated
http://www.mri-jma.go.jp/Topics/H21/TyphoonWorkshop_Tokyo_20091130-1202/index.html	category=unrelated
http://www.noaa.gov	category=related
http://www.nws.noaa.gov/nwr/	category=related
http://www.nws.noaa.gov/om/hazstats.shtml	category=related
http://www.opc.ncep.noaa.gov/marine_areas.php	category=related
http://www.skiline.cc/cookies	category=unrelated
http://www.tokyo-airport-bldg.co.jp/en/	category=unrelated
http://www.tokyometro.jp/en/	category=unrelated
http://www.tokyo-monorail.co.jp/english/	category=unrelated
http://www.toyokosoku.co.jp/en	category=unrelated
http://www.typhooncommittee.org/	category=unrelated
http://www.vohc.org/	category=unrelated
https://aviationweather.gov/	category=related
https://forecast.weather.gov/MapClick.php?lat=29.9546&lon=-90.0751&unit=0&lg=english&FcstType=text&TextType=1	category=unrelated
https://forecast.weather.gov/MapClick.php?lat=29.9546&lon=-90.0751&unit=0&lg=english&FcstType=text&TextType=2	category=unrelated
https://forecast.weather.gov/MapClick.php?lat=29.954648690000454&lon=-90.07506999099968	category=related
https://forecast.weather.gov/product.php?site=LIX&issuedby=LIX&product=AFD&format=CI&version=1&glossary=1	category=related
https://forecast.weather.gov/showsigwx.php?warnzone=LAZ062&warncounty=LAC071&firewxzone=LAZ062&local_place1=3%20Miles%20NNW%20Gretna%20LA&product1=Hazardous+Weather+Outlook&lat=29.9546&lon=-90.0751	category=related
https://publicfiles.fcc.gov/	category=unrelated
https://soundcloud.com/the-throw-in-independentie	category=unrelated
https://syhacked.com	category=unrelated
https://syhacked.com/	category=unrelated
https://www.adr.org	category=unrelated
https://www.bls.gov/audience/economists.htm	category=unrelated
https://www.bls.gov/bls/business.htm	category=unrelated
https://www.bls.gov/bls/news-release/home.htm	category=unrelated
https://www.bls.gov/bls/unemployment.htm	category=unrelated
https://www.bls.gov/cps/earnings.htm	category=unrelated
https://www.bls.gov/developers/home.htm	category=unrelated
https://www.bls.gov/emp/	category=unrelated
https://www.bls.gov/newsroom/	category=unrelated
https://www.bls.gov/newsroom/home.htm	category=unrelated
https://www.bls.gov/nls/	category=unrelated
https://www.bls.gov/ooh/architecture-and-engineering/home.htm	category=unrelated
https://www.bls.gov/ooh/building-and-grounds-cleaning/home.htm	category=unrelated
https://www.bls.gov/ooh/business-and-financial/fundraisers.htm	category=unrelated
https://www.bls.gov/ooh/construction-and-extraction/hazardous-materials-removal-workers.htm	category=unrelated
https://www.bls.gov/ooh/healthcare/recreational-therapists.htm	category=unrelated
https://www.bls.gov/ooh/military/military-careers.htm	category=unrelated
https://www.bls.gov/ooh/transportation-and-material-moving/hand-laborers-and-material-movers.htm	category=unrelated
https://www.bls.gov/regions/west/	category=unrelated
https://www.bls.gov/tus/	category=unrelated
https://www.climate.gov/maps-data/dataset/past-weather-zip-code-data-table	category=data
https://www.google.com/intl/en/help/terms_maps.html?hl=en_US	category=unrelated
https://www.homesandproperty.co.uk/property-news/plan-for-affordable-homes-at-controversial-chelsea-barracks-development-a122316.html	category=unrelated
https://www.iacea.com/about	category=unrelated
https://www.iacea.com/handbook/memorandum-of-understanding	category=unrelated
https://www.jma.go.jp/en/amedas/000.html?elementCode=0	category=related
https://www.jma.go.jp/en/amedas/000.html?elementCode=1	category=related
https://www.jma.go.jp/en/amedas/000.html?elementCode=2	category=related
https://www.jma.go.jp/en/amedas/000.html?elementCode=3	category=related
https://www.jma.go.jp/en/amedas/000.html?elementCode=4	category=related
https://www.jma.go.jp/en/amedas_h/	category=related
https://www.jma.go.jp/en/ashfall/	category=related
https://www.jma.go.jp/en/funkasokuho/	category=related
https://www.jma.go.jp/en/g3/	category=related
https://www.jma.go.jp/en/gms/	category=related
https://www.jma.go.jp/en/gms150jp/	category=related
https://www.jma.go.jp/en/highresorad/	category=related
https://www.jma.go.jp/en/jikei/	category=related
https://www.jma.go.jp/en/kaijyo/	category=related
https://www.jma.go.jp/en/kaijyo/323.html	category=related
https://www.jma.go.jp/en/kaijyo/326.html	category=related
https://www.jma.go.jp/en/kaijyo/329.html	category=related
https://www.jma.go.jp/en/kaijyo/331.html	category=related
https://www.jma.go.jp/en/kaikotan/	category=related
https://www.jma.go.jp/en/kosa/	category=related
https://www.jma.go.jp/en/kosafcst/	category=related
https://www.jma.go.jp/en/kuko/	category=related
https://www.jma.go.jp/en/longfcst/	category=related
https://www.jma.go.jp/en/mesh20/	category=related
https://www.jma.go.jp/en/quake/	category=related
https://www.jma.go.jp/en/radnowc/	category=related
https://www.jma.go.jp/en/seafcst/	category=related
https://www.jma.go.jp/en/seawarn/	category=related
https://www.jma.go.jp/en/soukei/	category=related
https://www.jma.go.jp/en/suigaimesh/inund.html	category=related
https://www.jma.go.jp/en/tsunami/	category=related
https://www.jma.go.jp/en/typh/	category=related
https://www.jma.go.jp/en/uv/	category=related
https://www.jma.go.jp/en/volcano/	category=related
https://www.jma.go.jp/en/week/	category=related
https://www.jma.go.jp/en/week/305.html	category=related
https://www.jma.go.jp/jma/en/Access/indexe_acs.html	category=related
https://www.jma.go.jp/jma/en/Background/dg.html	category=related
https://www.jma.go.jp/jma/en/Background/history.html	category=related
https://www.jma.go.jp/jma/en/Background/mission.html	category=related
https://www.jma.go.jp/jma/en/Background/organization.html	category=related
https://www.jma.go.jp/jma/en/copyright.html	category=related
https://www.jma.go.jp/jma/en/Links/indexe_lnk.html	category=related
https://www.jma.go.jp/jma/en/menu.html	category=related
https://www.jma.go.jp/jma/en/News/indexe_news.html	category=related
https://www.jma.go.jp/jma/en/Publications/publications.html	category=related
https://www.jma.go.jp/jma/en/SiteMap/indexe_smp.html	category=related
https://www.jma.go.jp/jma/indexe.html	category=related
https://www.jma-net.go.jp/msc/en/	category=related
https://www.jma-net.go.jp/msc/en/aomsuc2/index.html	category=related
https://www.jma-net.go.jp/msc/en/aomsuc2/presentations.html	category=related
https://www.jma-net.go.jp/msc/en/aomsuc2/summary.html	category=related
https://www.jma-net.go.jp/msc/en/aomsuc6/summary.html	category=related
https://www.legalnotice.org/pl/newsobserver/landing1.aspx	category=unrelated
https://www.nbcstore.com/?cid=nbc_global_nav_shop	category=unrelated
https://www.sipri.org/about/organization/board	category=unrelated
https://www.sipri.org/about/privacy	category=unrelated
https://www.sipri.org/about/vacancies	category=unrelated
https://www.sipri.org/commentary	category=unrelated
https://www.sipri.org/commentary/backgrounders	category=unrelated
https://www.sipri.org/commentary/expert-comments	category=unrelated
https://www.sipri.org/databases/milex	category=unrelated
https://www.sipri.org/databases/milex/frequently-asked-questions	category=unrelated
https://www.sipri.org/databases/milex/sources-and-methods	category=unrelated
https://www.sipri.org/media/newsletter	category=unrelated
https://www.sipri.org/media/pressreleases	category=unrelated
https://www.sipri.org/news	category=unrelated
https://www.sipri.org/research	category=unrelated
https://www.sipri.org/research/armament-and-disarmament	category=unrelated
https://www.sipri.org/research/armament-and-disarmament/disarmament-arms-control-and-non-proliferation	category=unrelated
https://www.sipri.org/research/armament-and-disarmament/dual-use-and-arms-trade-control	category=unrelated
https://www.sipri.org/research/armament-and-disarmament/emerging-military-and-security-technologies	category=unrelated
https://www.sipri.org/research/conflict-and-peace	category=unrelated
https://www.sipri.org/research/conflict-and-peace/transport-and-security	category=unrelated
https://www.sipri.org/research/peace-and-development	category=unrelated
https://www.sipri.org/research/peace-and-development/climate-change-and-risk	category=unrelated
https://www.sipri.org/yearbook	category=unrelated
https://www.skiline.cc/imprint/en	category=unrelated
https://www.tokyo-airport-bldg.co.jp/en/	category=related
https://www.weather.gov/international/	category=related
https://www.weather.gov/lix/marine	category=related
https://www.weather.gov/safety/airquality	category=related
https://www.weather.gov/safety/beachhazards	category=related
https://www.weather.gov/safety/cold	category=related
https://www.weather.gov/safety/drought	category=related
https://www.weather.gov/safety/fog	category=related
https://www.weather.gov/safety/hurricane	category=related
https://www.weather.gov/safety/lightning	category=related
https://www.weather.gov/safety/ripcurrent	category=related
https://www.weather.gov/safety/space	category=related
https://www.weather.gov/safety/thunderstorm	category=related
https://www.weather.gov/safety/tsunami	category=related
https://www.weather.gov/safety/wind	category=related
https://www.weather.gov/safety/winter	category=related
https://www.weather.gov/TsunamiReady/	category=related
